1+1 International,ES| 1+1 INTERNACIONALᴿᴬᵂ,https://raw.githubusercontent.com/davidmuma/picons_dobleM/master/icon/La%201.png
100% Navidad (Rakuten TV),100% Navidad (Rakuten TV),https://raw.githubusercontent.com/davidmuma/picons_dobleM/master/icon/La%202.png
24 Horas,ES| 24 HORAS FHDᴿᴬᵂ,https://raw.githubusercontent.com/davidmuma/picons_dobleM/master/icon/Antena%203.png
24 horas Canarias,24 horas Canarias,https://raw.githubusercontent.com/davidmuma/picons_dobleM/master/icon/Cuatro.png
24 horas Cataluña,24 horas Cataluña,https://raw.githubusercontent.com/davidmuma/picons_dobleM/master/icon/Telecinco.png
3CatInfo,3CatInfo,https://raw.githubusercontent.com/davidmuma/picons_dobleM/master/icon/La%20Sexta.png
3CatInfo Catalunya,3CatInfo Catalunya,https://raw.githubusercontent.com/davidmuma/picons_dobleM/master/icon/M%2B%20Estrenos.png
7teleValencia,7teleValencia,https://raw.githubusercontent.com/davidmuma/picons_dobleM/master/icon/M%2B%20Hits.png
8madrid TV,8madrid TV,https://raw.githubusercontent.com/davidmuma/picons_dobleM/master/icon/M%2B%20Originales.png
À Punt,ES| À PUNTᴿᴬᵂ,https://raw.githubusercontent.com/davidmuma/picons_dobleM/master/icon/M%2B%20Nicolas%20Cage.png
Acción (Rakuten TV),Acción (Rakuten TV),https://raw.githubusercontent.com/davidmuma/picons_dobleM/master/icon/M%2B%20Documentales.png
ACL Cornhole TV,ACL Cornhole TV,https://raw.githubusercontent.com/davidmuma/picons_dobleM/master/icon/M%2B%20En%20juego.png
Al Jazeera English HD,ES| AL JAZEERA ENGLISHᴿᴬᵂ,https://raw.githubusercontent.com/davidmuma/picons_dobleM/master/icon/M%2B%20Cl%C3%A1sicos.png
Alacantí TV,Alacantí TV,https://raw.githubusercontent.com/davidmuma/picons_dobleM/master/icon/M%2B%20Acci%C3%B3n.png
Alquiler 1,Alquiler 1,https://raw.githubusercontent.com/davidmuma/picons_dobleM/master/icon/M%2B%20Comedia.png
Alquiler HD,Alquiler,https://raw.githubusercontent.com/davidmuma/picons_dobleM/master/icon/M%2B%20Drama.png
AMC Anime,AMC Anime,https://raw.githubusercontent.com/davidmuma/picons_dobleM/master/icon/M%2B%20Indie.png
AMC Break,AMC Break,https://raw.githubusercontent.com/davidmuma/picons_dobleM/master/icon/M%2B%20Cine%20Espa%C3%B1ol.png
AMC Crime,ES| AMC CRIME HDᴿᴬᵂ,https://raw.githubusercontent.com/davidmuma/picons_dobleM/master/icon/M%2B%20PopUp.png
AMC HD,ES| AMC HDᴿᴬᵂ,https://raw.githubusercontent.com/davidmuma/picons_dobleM/master/icon/M%2B%20PopUp%202.png
AMC+ Connect,AMC+ Connect,https://raw.githubusercontent.com/davidmuma/picons_dobleM/master/icon/TCM.png
Andalucía TV,Andalucía TV,https://raw.githubusercontent.com/davidmuma/picons_dobleM/master/icon/BBC%20Series.png
Anime Visión,Anime Visión,https://raw.githubusercontent.com/davidmuma/picons_dobleM/master/icon/BBC%20Earth.png
Anime Visión Classics,Anime Visión Classics,https://raw.githubusercontent.com/davidmuma/picons_dobleM/master/icon/BBC%20Top%20Gear.png
Antena 3 HD,ES| ANTENA 3 FHDᴿᴬᵂ,https://raw.githubusercontent.com/davidmuma/picons_dobleM/master/icon/BBC%20Lifestyle.png
Antena Motor,Antena Motor,https://raw.githubusercontent.com/davidmuma/picons_dobleM/master/icon/Paramount%20Network.png
Aquí no hay quién viva,Aquí no hay quién viva,https://raw.githubusercontent.com/davidmuma/picons_dobleM/master/icon/Be%20Mad.png
Aragón TV,ES| ARAGóN TV FHDᴿᴬᵂ,https://raw.githubusercontent.com/davidmuma/picons_dobleM/master/icon/STAR%20Channel.png
Aragón TV Internacional,ES| ARAGóN TV INT FHDᴿᴬᵂ,https://raw.githubusercontent.com/davidmuma/picons_dobleM/master/icon/AXN.png
Arirang TV HD,Arirang TV,https://raw.githubusercontent.com/davidmuma/picons_dobleM/master/icon/Warner%20TV.png
Atrescine,Atrescine,https://raw.githubusercontent.com/davidmuma/picons_dobleM/master/icon/Comedy%20Central.png
Atreseries,ES| ATRESERIES FHDᴿᴬᵂ,https://raw.githubusercontent.com/davidmuma/picons_dobleM/master/icon/Calle%2013.png
ATRESplayer PREMIUM,ATRESplayer PREMIUM,https://raw.githubusercontent.com/davidmuma/picons_dobleM/master/icon/Cosmo.png
ATV Andorra Televisión,ATV Andorra Televisión,https://raw.githubusercontent.com/davidmuma/picons_dobleM/master/icon/SyFy.png
AXN HD,ES| AXN FHDᴿᴬᵂ,https://raw.githubusercontent.com/davidmuma/picons_dobleM/master/icon/Energy.png
AXN Movies HD,AXN Movies,https://raw.githubusercontent.com/davidmuma/picons_dobleM/master/icon/Factor%C3%ADa%20de%20Ficci%C3%B3n.png
Baby TV,Baby TV,https://raw.githubusercontent.com/davidmuma/picons_dobleM/master/icon/Neox.png
Banyoles TV,Banyoles TV,https://raw.githubusercontent.com/davidmuma/picons_dobleM/master/icon/Caza%20y%20Pesca.png
BBC Earth,BBC Earth,https://raw.githubusercontent.com/davidmuma/picons_dobleM/master/icon/Iberalia%20TV.png
BBC Food,ES| BBC FOOD FHDᴿᴬᵂ,https://raw.githubusercontent.com/davidmuma/picons_dobleM/master/icon/National%20Geographic.png
BBC History,ES| BBC HISTORY FHDᴿᴬᵂ,https://raw.githubusercontent.com/davidmuma/picons_dobleM/master/icon/Nat%20Geo%20Wild.png
BBC Lifestyle,BBC Lifestyle,https://raw.githubusercontent.com/davidmuma/picons_dobleM/master/icon/BBC%20History.png
BBC Series,BBC Series,https://raw.githubusercontent.com/davidmuma/picons_dobleM/master/icon/Discovery.png
BBC Top Gear,ES| BBC TOP GEAR FHDᴿᴬᵂ,https://raw.githubusercontent.com/davidmuma/picons_dobleM/master/icon/BBC%20Food.png
BBC World News Europe HD,ES| BBC WORLD FHDᴿᴬᵂ,https://raw.githubusercontent.com/davidmuma/picons_dobleM/master/icon/Divinity.png
Be Mad,ES| BE MAD FHDᴿᴬᵂ,https://raw.githubusercontent.com/davidmuma/picons_dobleM/master/icon/Nova.png
beIN SPORTS en español,beIN SPORTS en español,https://raw.githubusercontent.com/davidmuma/picons_dobleM/master/icon/Baby%20TV.png
beIN SPORTS XTRA ñ,beIN SPORTS XTRA ñ,https://raw.githubusercontent.com/davidmuma/picons_dobleM/master/icon/Disney%20Junior.png
Betevé,Betevé,https://raw.githubusercontent.com/davidmuma/picons_dobleM/master/icon/Nick%20JR.png
Betis TV,ES| BETIS TV HDᴿᴬᵂ,https://raw.githubusercontent.com/davidmuma/picons_dobleM/master/icon/Nickelodeon.png
Billiard TV,Billiard TV,https://raw.githubusercontent.com/davidmuma/picons_dobleM/master/icon/Dreamworks.png
Bloomberg TV Europe,ES| BLOOMBERGᴿᴬᵂ,https://raw.githubusercontent.com/davidmuma/picons_dobleM/master/icon/Boing.png
Boing,ES| BOING FHDᴿᴬᵂ,https://raw.githubusercontent.com/davidmuma/picons_dobleM/master/icon/Clan.png
BOM Cine,ES| BOMCINE HDᴿᴬᵂ,https://raw.githubusercontent.com/davidmuma/picons_dobleM/master/icon/MTV%20Espa%C3%B1a.png
Bon Dia TV,Bon Dia TV,https://raw.githubusercontent.com/davidmuma/picons_dobleM/master/icon/MTV%2000s.png
BuenViaje,ES| BUENVIAJE HDᴿᴬᵂ,https://raw.githubusercontent.com/davidmuma/picons_dobleM/master/icon/Mezzo.png
Calle 13 HD,ES| CALLE 13 FHDᴿᴬᵂ,https://raw.githubusercontent.com/davidmuma/picons_dobleM/master/icon/Mezzo%20Live.png
Canal 10 Empordà,Canal 10 Empordà,https://raw.githubusercontent.com/davidmuma/picons_dobleM/master/icon/Classica.png
Canal Blau,Canal Blau,https://raw.githubusercontent.com/davidmuma/picons_dobleM/master/icon/24%20Horas.png
Canal Cocina,ES| CANAL COCINA HDᴿᴬᵂ,https://raw.githubusercontent.com/davidmuma/picons_dobleM/master/icon/BBC%20World%20News%20Europe.png
Canal de las Estrellas,Canal de las Estrellas,https://raw.githubusercontent.com/davidmuma/picons_dobleM/master/icon/CNN%20International%20Europe.png
Canal Extremadura,ES| CANAL EXTREMADURAᴿᴬᵂ,https://raw.githubusercontent.com/davidmuma/picons_dobleM/master/icon/Al%20Jazeera%20English.png
Canal Extremadura SAT,ES| CANAL EXTREMADURA SATᴿᴬᵂ,https://raw.githubusercontent.com/davidmuma/picons_dobleM/master/icon/France%2024%20(en%20Francais).png
Canal Hollywood HD,ES| CANAL HOLLYWOOD HDᴿᴬᵂ,https://raw.githubusercontent.com/davidmuma/picons_dobleM/master/icon/CNBC%20Europe.png
Canal Reus TV,Canal Reus TV,https://raw.githubusercontent.com/davidmuma/picons_dobleM/master/icon/TV5%20Monde%20Europe.png
Canal Sur Andalucía,ES| CANAL SUR 2 HDᴿᴬᵂ,https://raw.githubusercontent.com/davidmuma/picons_dobleM/master/icon/Bloomberg%20TV%20Europe.png
Canal Sur HD,ES| CANAL SUR FHDᴿᴬᵂ,https://raw.githubusercontent.com/davidmuma/picons_dobleM/master/icon/Cubavisi%C3%B3n%20Internacional.png
Canal Taronja Anoia,Canal Taronja Anoia,https://raw.githubusercontent.com/davidmuma/picons_dobleM/master/icon/Telesur.png
Canal Taronja Central,Canal Taronja Central,https://raw.githubusercontent.com/davidmuma/picons_dobleM/master/icon/Canal%20Sur%20Andaluc%C3%ADa.png
Canal Terrassa,Canal Terrassa,https://raw.githubusercontent.com/davidmuma/picons_dobleM/master/icon/TVG%20Europa.png
Canal Terres de l'Ebre,Canal Terres de l'Ebre,https://raw.githubusercontent.com/davidmuma/picons_dobleM/master/icon/Canal%20Extremadura%20SAT.png
Canal21 Ebre,Canal21 Ebre,https://raw.githubusercontent.com/davidmuma/picons_dobleM/master/icon/Arag%C3%B3n%20TV%20Internacional.png
Caracol TV,Caracol TV,https://raw.githubusercontent.com/davidmuma/picons_dobleM/master/icon/Alquiler.png
Caza y Pesca HD,ES| CAZA Y PESCAᴿᴬᵂ,https://raw.githubusercontent.com/davidmuma/picons_dobleM/master/icon/Alquiler%201.png
Cazavisión,Cazavisión,https://raw.githubusercontent.com/davidmuma/picons_dobleM/master/icon/%C3%80%20Punt.png
CGTN Documentary,CGTN Documentary,https://raw.githubusercontent.com/davidmuma/picons_dobleM/master/icon/Arag%C3%B3n%20TV.png
CGTN Español,CGTN Español,https://raw.githubusercontent.com/davidmuma/picons_dobleM/master/icon/Navarra%20TV.png
Cine Español (Rakuten TV),Cine Español (Rakuten TV),https://www.navarratelevision.es/entorno/Cabeceras/CabeceraNATV.png?20250129a
Cine Feel Good,Cine Feel Good,https://raw.githubusercontent.com/davidmuma/picons_dobleM/master/icon/TPA%20Asturias.png
Cines Verdi TV,Cines Verdi TV,https://raw.githubusercontent.com/davidmuma/picons_dobleM/master/icon/CMM%20TV.png
Clan,ES| CLAN TVEᴿᴬᵂ,https://raw.githubusercontent.com/davidmuma/picons_dobleM/master/icon/La%207%20CyL.png
Clásicos atresplayer,Clásicos atresplayer,https://raw.githubusercontent.com/davidmuma/picons_dobleM/master/icon/ETB1.png
Classica HD,ES| CLASSICA FHDᴿᴬᵂ,https://raw.githubusercontent.com/davidmuma/picons_dobleM/master/icon/ETB2.png
Club MTV,Club MTV,https://raw.githubusercontent.com/davidmuma/picons_dobleM/master/icon/TVG.png
CMM TV,ES| CMM TV HDᴿᴬᵂ,https://raw.githubusercontent.com/davidmuma/picons_dobleM/master/icon/TVG2.png
CNBC Europe HD,ES| CNBC FHDᴿᴬᵂ,https://raw.githubusercontent.com/davidmuma/picons_dobleM/master/icon/Canal%20Extremadura.png
CNN en Español,CNN en Español,https://raw.githubusercontent.com/davidmuma/picons_dobleM/master/icon/Telemadrid.png
CNN International Europe,ES| CNN INT FHDᴿᴬᵂ,https://raw.githubusercontent.com/davidmuma/picons_dobleM/master/icon/La%20Otra.png
Comedia atresplayer,Comedia atresplayer,https://raw.githubusercontent.com/davidmuma/picons_dobleM/master/icon/TV3.png
Comedias (Rakuten TV),Comedias (Rakuten TV),https://raw.githubusercontent.com/davidmuma/picons_dobleM/master/icon/La%207%20Murcia.png
Comedy Central HD,ES| COMEDY CENTRALᴿᴬᵂ,https://raw.githubusercontent.com/davidmuma/picons_dobleM/master/icon/Canal%20Sur.png
Concert Channel,Concert Channel,https://raw.githubusercontent.com/davidmuma/picons_dobleM/master/icon/Andaluc%C3%ADa%20TV.png
Cosmo HD,ES| COSMO FHDᴿᴬᵂ,https://raw.githubusercontent.com/davidmuma/picons_dobleM/master/icon/La%20Ocho%20Mediterr%C3%A1neo.png
Crimen (Rakuten TV),Crimen (Rakuten TV),https://raw.githubusercontent.com/davidmuma/picons_dobleM/master/icon/IB3%20TV%20Illes%20Balears.png
Cuatro HD,ES| CUATRO FHDᴿᴬᵂ,https://raw.githubusercontent.com/davidmuma/picons_dobleM/master/icon/TV%20Canaria.png
Cubavisión Internacional HD,Cubavisión Internacional,https://raw.githubusercontent.com/davidmuma/picons_dobleM/master/icon/HBO%20Max%20Avances.png
Cuéntame,Cuéntame,https://raw.githubusercontent.com/davidmuma/picons_dobleM/master/icon/SkyShowtime.png
Cugat Media,Cugat Media,https://raw.githubusercontent.com/davidmuma/picons_dobleM/master/icon/AXN%20Movies.png
DARK,ES| DARK HDᴿᴬᵂ,https://raw.githubusercontent.com/davidmuma/picons_dobleM/master/icon/TRECE.png
Dark Rojo,Dark Rojo,https://raw.githubusercontent.com/davidmuma/picons_dobleM/master/icon/Atreseries.png
DAZN 1 BAR,DAZN 1 BAR,https://raw.githubusercontent.com/davidmuma/picons_dobleM/master/icon/Real%20Madrid%20TV.png
DAZN 1 HD,ES| DAZN 1 FHDᴿᴬᵂ,https://raw.githubusercontent.com/davidmuma/picons_dobleM/master/icon/Garage%20TV.png
DAZN 2 BAR,DAZN 2 BAR,https://raw.githubusercontent.com/davidmuma/picons_dobleM/master/icon/UBEAT.png
DAZN 2 HD,ES| DAZN 2 FHDᴿᴬᵂ,https://raw.githubusercontent.com/davidmuma/picons_dobleM/master/icon/DMAX.png
DAZN 3 HD,ES| DAZN 3 FHDᴿᴬᵂ,https://raw.githubusercontent.com/davidmuma/picons_dobleM/master/icon/DKISS.png
DAZN 4 HD,ES| DAZN 4 HDᴿᴬᵂ,https://raw.githubusercontent.com/davidmuma/picons_dobleM/master/icon/Mega.png
DAZN Bundesliga,DAZN Bundesliga,https://raw.githubusercontent.com/davidmuma/picons_dobleM/master/icon/Ten.png
DAZN Bundesliga 2,DAZN Bundesliga 2,https://raw.githubusercontent.com/davidmuma/picons_dobleM/master/icon/ETB3.png
DAZN Bundesliga 3,DAZN Bundesliga 3,https://raw.githubusercontent.com/davidmuma/picons_dobleM/master/icon/EuroNews.png
DAZN Bundesliga 4,DAZN Bundesliga 4,https://raw.githubusercontent.com/davidmuma/picons_dobleM/master/icon/El%20Toro%20TV.png
DAZN Bundesliga 5,DAZN Bundesliga 5,https://raw.githubusercontent.com/davidmuma/picons_dobleM/master/icon/Negocios%20TV.png
DAZN F1 BAR,DAZN F1 BAR,https://raw.githubusercontent.com/davidmuma/picons_dobleM/master/icon/CGTN%20Espa%C3%B1ol.png
DAZN F1 HD,DAZN F1,https://raw.githubusercontent.com/davidmuma/picons_dobleM/master/icon/CGTN%20Documentary.png
DAZN LaLiga 2 HD,ES| DAZN LA LIGA 2 HDᴿᴬᵂ,https://raw.githubusercontent.com/davidmuma/picons_dobleM/master/icon/UCL.png
DAZN LaLiga 3,DAZN LaLiga 3,https://raw.githubusercontent.com/davidmuma/picons_dobleM/master/icon/Canal%20de%20las%20Estrellas.png
DAZN LaLiga 4,DAZN LaLiga 4,https://raw.githubusercontent.com/davidmuma/picons_dobleM/master/icon/TV%20Chile.png
DAZN LaLiga 5,DAZN LaLiga 5,https://raw.githubusercontent.com/davidmuma/picons_dobleM/master/icon/Nuestra%20Tele%20Internacional.png
DAZN LALIGA EA SPORTS,DAZN LALIGA EA SPORTS,https://raw.githubusercontent.com/davidmuma/picons_dobleM/master/icon/EWTN.png
DAZN LALIGA EA SPORTS 2,DAZN LALIGA EA SPORTS 2,https://raw.githubusercontent.com/davidmuma/picons_dobleM/master/icon/EITB%20Basque.png
DAZN LaLiga HD,ES| DAZN LA LIGA 1 HDᴿᴬᵂ,https://raw.githubusercontent.com/davidmuma/picons_dobleM/master/icon/Telemadrid%20Internacional.png
DAZN Liga F,DAZN Liga F,
DAZN Liga F 2,DAZN Liga F 2,
DAZN Liga F 3,DAZN Liga F 3,
DAZN MotoGP,DAZN MotoGP,
DAZN National League,DAZN National League,https://raw.githubusercontent.com/davidmuma/picons_dobleM/master/icon/Movistar%20Plus%2B.png
DAZN National League 2,DAZN National League 2,https://raw.githubusercontent.com/davidmuma/picons_dobleM/master/icon/Primera%20Federaci%C3%B3n.png
DAZN National League 3,DAZN National League 3,https://raw.githubusercontent.com/davidmuma/picons_dobleM/master/icon/M%2B%20Vamos.png
DAZN National League 4,DAZN National League 4,https://raw.githubusercontent.com/davidmuma/picons_dobleM/master/icon/M%2B%20LaLiga.png
DAZN National League 5,DAZN National League 5,https://raw.githubusercontent.com/davidmuma/picons_dobleM/master/icon/DAZN%20LaLiga.png
DAZN National League 6,DAZN National League 6,https://raw.githubusercontent.com/davidmuma/picons_dobleM/master/icon/LaLiga%20TV%20Hypermotion.png
DAZN National League 7,DAZN National League 7,https://raw.githubusercontent.com/davidmuma/picons_dobleM/master/icon/M%2B%20LaLiga%202.png
DAZN National League 8,DAZN National League 8,https://raw.githubusercontent.com/davidmuma/picons_dobleM/master/icon/DAZN%20LaLiga%202.png
DAZN National League 9,DAZN National League 9,https://raw.githubusercontent.com/davidmuma/picons_dobleM/master/icon/LaLiga%20TV%20Hypermotion%202.png
DAZN Premier League,DAZN Premier League,https://raw.githubusercontent.com/davidmuma/picons_dobleM/master/icon/M%2B%20Liga%20de%20Campeones.png
DAZN Premier League 2,DAZN Premier League 2,https://raw.githubusercontent.com/davidmuma/picons_dobleM/master/icon/M%2B%20Liga%20de%20Campeones%202.png
DAZN Premier League 3,DAZN Premier League 3,https://raw.githubusercontent.com/davidmuma/picons_dobleM/master/icon/M%2B%20Liga%20de%20Campeones%203.png
DAZN Premier League 4,DAZN Premier League 4,https://raw.githubusercontent.com/davidmuma/picons_dobleM/master/icon/M%2B%20Deportes.png
DAZN Premier League 5,DAZN Premier League 5,https://raw.githubusercontent.com/davidmuma/picons_dobleM/master/icon/M%2B%20Deportes%202.png
DAZN Serie A,DAZN Serie A,https://raw.githubusercontent.com/davidmuma/picons_dobleM/master/icon/M%2B%20Deportes%203.png
DAZN Serie A 2,DAZN Serie A 2,https://raw.githubusercontent.com/davidmuma/picons_dobleM/master/icon/M%2B%20Ellas%20Vamos.png
DBike,ES| D BIKE HDᴿᴬᵂ,https://raw.githubusercontent.com/davidmuma/picons_dobleM/master/icon/M%2B%20Golf.png
DE | ARTE,DE | ARTE,https://raw.githubusercontent.com/davidmuma/picons_dobleM/master/icon/M%2B%20Golf%202.png
DE | Das Erste,DE | Das Erste,https://raw.githubusercontent.com/davidmuma/picons_dobleM/master/icon/DAZN%20F1.png
DE | DAZN 1,DE | DAZN 1,https://raw.githubusercontent.com/davidmuma/picons_dobleM/master/icon/DAZN%201.png
DE | DAZN 2,DE | DAZN 2,https://raw.githubusercontent.com/davidmuma/picons_dobleM/master/icon/DAZN%202.png
DE | eSportsONE,DE | eSportsONE,https://raw.githubusercontent.com/davidmuma/picons_dobleM/master/icon/Eurosport%201.png
DE | Eurosport 1,DE | Eurosport 1,https://raw.githubusercontent.com/davidmuma/picons_dobleM/master/icon/Eurosport%202.png
DE | Eurosport 2,DE | Eurosport 2,https://raw.githubusercontent.com/davidmuma/picons_dobleM/master/icon/GOL.png
DE | KiKA,DE | KiKA,https://raw.githubusercontent.com/davidmuma/picons_dobleM/master/icon/Teledeporte.png
DE | MagentaSport,DE | MagentaSport,https://raw.githubusercontent.com/davidmuma/picons_dobleM/master/icon/M%2B%20Liga%20de%20Campeones%204.png
DE | More Than Sports TV,DE | More Than Sports TV,https://raw.githubusercontent.com/davidmuma/picons_dobleM/master/icon/M%2B%20Liga%20de%20Campeones%205.png
DE | Motorvision+,DE | Motorvision+,https://raw.githubusercontent.com/davidmuma/picons_dobleM/master/icon/M%2B%20Liga%20de%20Campeones%206.png
DE | MS Sport,DE | MS Sport,https://raw.githubusercontent.com/davidmuma/picons_dobleM/master/icon/M%2B%20Liga%20de%20Campeones%207.png
DE | MTV,DE | MTV,https://raw.githubusercontent.com/davidmuma/picons_dobleM/master/icon/M%2B%20Liga%20de%20Campeones%208.png
DE | QVC,DE | QVC,https://raw.githubusercontent.com/davidmuma/picons_dobleM/master/icon/M%2B%20Liga%20de%20Campeones%209.png
DE | Rally TV,DE | Rally TV,https://raw.githubusercontent.com/davidmuma/picons_dobleM/master/icon/M%2B%20Liga%20de%20Campeones%2010.png
DE | Red Bull TV,DE | Red Bull TV,https://raw.githubusercontent.com/davidmuma/picons_dobleM/master/icon/M%2B%20Liga%20de%20Campeones%2011.png
DE | Red Bull TV Motorsport,DE | Red Bull TV Motorsport,https://raw.githubusercontent.com/davidmuma/picons_dobleM/master/icon/M%2B%20Liga%20de%20Campeones%2012.png
DE | RTL,DE | RTL,https://raw.githubusercontent.com/davidmuma/picons_dobleM/master/icon/M%2B%20Liga%20de%20Campeones%2013.png
DE | Sky Sport 1,DE | Sky Sport 1,https://raw.githubusercontent.com/davidmuma/picons_dobleM/master/icon/M%2B%20Liga%20de%20Campeones%2014.png
DE | Sky Sport 10,DE | Sky Sport 10,https://raw.githubusercontent.com/davidmuma/picons_dobleM/master/icon/M%2B%20Liga%20de%20Campeones%2015.png
DE | Sky Sport 2,DE | Sky Sport 2,https://raw.githubusercontent.com/davidmuma/picons_dobleM/master/icon/M%2B%20Liga%20de%20Campeones%2016.png
DE | Sky Sport 3,DE | Sky Sport 3,https://raw.githubusercontent.com/davidmuma/picons_dobleM/master/icon/M%2B%20Liga%20de%20Campeones%2017.png
DE | Sky Sport 4,DE | Sky Sport 4,https://raw.githubusercontent.com/davidmuma/picons_dobleM/master/icon/M%2B%20Liga%20de%20Campeones%2018.png
DE | Sky Sport 5,DE | Sky Sport 5,https://raw.githubusercontent.com/davidmuma/picons_dobleM/master/icon/M%2B%20Liga%20de%20Campeones%2019.png
DE | Sky Sport 6,DE | Sky Sport 6,https://raw.githubusercontent.com/davidmuma/picons_dobleM/master/icon/M%2B%20LaLiga%203.png
DE | Sky Sport 7,DE | Sky Sport 7,https://raw.githubusercontent.com/davidmuma/picons_dobleM/master/icon/M%2B%20LaLiga%204.png
DE | Sky Sport 8,DE | Sky Sport 8,https://raw.githubusercontent.com/davidmuma/picons_dobleM/master/icon/M%2B%20LaLiga%205.png
DE | Sky Sport 9,DE | Sky Sport 9,https://raw.githubusercontent.com/davidmuma/picons_dobleM/master/icon/M%2B%20LaLiga%206.png
DE | Sky Sport Austria 1,DE | Sky Sport Austria 1,https://raw.githubusercontent.com/davidmuma/picons_dobleM/master/icon/DAZN%20LaLiga%203.png
DE | Sky Sport Austria 2,DE | Sky Sport Austria 2,https://raw.githubusercontent.com/davidmuma/picons_dobleM/master/icon/DAZN%20LaLiga%204.png
DE | Sky Sport Austria 3,DE | Sky Sport Austria 3,https://raw.githubusercontent.com/davidmuma/picons_dobleM/master/icon/DAZN%20LaLiga%205.png
DE | Sky Sport Austria 4,DE | Sky Sport Austria 4,https://raw.githubusercontent.com/davidmuma/picons_dobleM/master/icon/M%2B%20Vamos%202.png
DE | Sky Sport Austria 5,DE | Sky Sport Austria 5,https://raw.githubusercontent.com/davidmuma/picons_dobleM/master/icon/LaLiga%20TV%20Hypermotion%203.png
DE | Sky Sport Austria 6,DE | Sky Sport Austria 6,https://raw.githubusercontent.com/davidmuma/picons_dobleM/master/icon/M%2B%20Deportes%204.png
DE | Sky Sport Austria 7,DE | Sky Sport Austria 7,https://raw.githubusercontent.com/davidmuma/picons_dobleM/master/icon/M%2B%20Deportes%205.png
DE | Sky Sport Austria 8,DE | Sky Sport Austria 8,https://raw.githubusercontent.com/davidmuma/picons_dobleM/master/icon/M%2B%20Deportes%206.png
DE | Sky Sport Bundesliga,DE | Sky Sport Bundesliga,https://raw.githubusercontent.com/davidmuma/picons_dobleM/master/icon/M%2B%20Deportes%207.png
DE | Sky Sport Bundesliga 1,DE | Sky Sport Bundesliga 1,https://raw.githubusercontent.com/davidmuma/picons_dobleM/master/icon/M%2B%20Deportes%208.png
DE | Sky Sport Bundesliga 10,DE | Sky Sport Bundesliga 10,https://raw.githubusercontent.com/davidmuma/picons_dobleM/master/icon/DAZN%203.png
DE | Sky Sport Bundesliga 2,DE | Sky Sport Bundesliga 2,https://raw.githubusercontent.com/davidmuma/picons_dobleM/master/icon/DAZN%204.png
DE | Sky Sport Bundesliga 3,DE | Sky Sport Bundesliga 3,https://raw.githubusercontent.com/davidmuma/picons_dobleM/master/icon/M%2B%20LaLiga%20HDR.png
DE | Sky Sport Bundesliga 4,DE | Sky Sport Bundesliga 4,https://raw.githubusercontent.com/davidmuma/picons_dobleM/master/icon/M%2B%20LaLiga%202%20HDR.png
DE | Sky Sport Bundesliga 5,DE | Sky Sport Bundesliga 5,https://raw.githubusercontent.com/davidmuma/picons_dobleM/master/icon/M%2B%20Liga%20de%20Campeones%20HDR.png
DE | Sky Sport Bundesliga 6,DE | Sky Sport Bundesliga 6,https://raw.githubusercontent.com/davidmuma/picons_dobleM/master/icon/M%2B%20Liga%20de%20Campeones%202%20HDR.png
DE | Sky Sport Bundesliga 7,DE | Sky Sport Bundesliga 7,https://raw.githubusercontent.com/davidmuma/picons_dobleM/master/icon/Eurosport%204K.png
DE | Sky Sport Bundesliga 8,DE | Sky Sport Bundesliga 8,https://raw.githubusercontent.com/davidmuma/picons_dobleM/master/icon/M%2B%20Wimbledon.png
DE | Sky Sport Bundesliga 9,DE | Sky Sport Bundesliga 9,https://raw.githubusercontent.com/davidmuma/picons_dobleM/master/icon/Vamos%20BAR.png
DE | Sky Sport F1,DE | Sky Sport F1,https://raw.githubusercontent.com/davidmuma/picons_dobleM/master/icon/Vamos%20BAR%202.png
DE | Sky Sport Golf,DE | Sky Sport Golf,https://raw.githubusercontent.com/davidmuma/picons_dobleM/master/icon/LaLiga%20TV%20BAR.png
DE | Sky Sport Kompakt 1,DE | Sky Sport Kompakt 1,https://raw.githubusercontent.com/davidmuma/picons_dobleM/master/icon/LaLiga%20TV%20BAR%202.png
DE | Sky Sport Mix,DE | Sky Sport Mix,https://raw.githubusercontent.com/davidmuma/picons_dobleM/master/icon/LaLiga%20TV%20BAR%203.png
DE | Sky Sport News,DE | Sky Sport News,https://tvpnlogopeu.samsungcloud.tv/platform/image/sourcelogo/vc/00/02/34/ES300004C9_20241106T142325SQUARE.png
DE | Sky Sport Premier League,DE | Sky Sport Premier League,https://tvpnlogopeu.samsungcloud.tv/platform/image/sourcelogo/vc/00/02/34/ES300002Y6_20241106T142251SQUARE.png
DE | Sky Sport Tennis,DE | Sky Sport Tennis,https://tvpnlogopeu.samsungcloud.tv/platform/image/sourcelogo/vc/00/02/34/ES300003D4_20241022T051059SQUARE.png
DE | Sky Sport Top Event,DE | Sky Sport Top Event,https://tvpnlogopeu.samsungcloud.tv/platform/image/sourcelogo/vc/00/02/34/ES300005EL_20241022T115805SQUARE.png
DE | SPORT1,DE | SPORT1,https://tvpnlogopeu.samsungcloud.tv/platform/image/sourcelogo/vc/00/02/34/ES30000145_20241106T142322SQUARE.png
DE | SPORTDIGITAL FUSSBALL,DE | SPORTDIGITAL FUSSBALL,https://tvpnlogopeu.samsungcloud.tv/platform/image/sourcelogo/vc/00/02/34/ES300007KS_20251111T011949SQUARE.png
DE | Sportdigital1+,DE | Sportdigital1+,https://tvpnlogopeu.samsungcloud.tv/platform/image/sourcelogo/vc/00/02/34/ES300006QJ_20251111T011921SQUARE.png
DE | TRT Türk HD,DE | TRT Türk,https://tvpnlogopeu.samsungcloud.tv/platform/image/sourcelogo/vc/00/02/34/ES900001SH_20250923T011557SQUARE.png
DE | ZDF,DE | ZDF,https://tvpnlogopeu.samsungcloud.tv/platform/image/sourcelogo/vc/00/02/34/ES1600005T1_20250729T045105SQUARE.png
Decasa,ES| DECASA HDᴿᴬᵂ,https://provider-static.plex.tv/epg/cms/production/704e7af1-90a0-4ad4-94de-af2559c19fa6/1_Tennis_Plus_Logo__Dark_Mode__1500x1000px.png
DejateTV,DejateTV,https://provider-static.plex.tv/epg/cms/production/47127441-d5b6-42a3-b641-a7c076d20940/Fashion_PNG_w__transparent_background__All_white_Logo_for_Attribution__-_Yuri_Alexandrov.png
DePelícula,DePelícula,https://raw.githubusercontent.com/davidmuma/picons_dobleM/master/icon/GolStadium%20BAR.png
Deutsche W,Deutsche W,https://raw.githubusercontent.com/davidmuma/picons_dobleM/master/icon/DAZN%20F1%20BAR.png
Dhípica,Dhípica,https://raw.githubusercontent.com/davidmuma/picons_dobleM/master/icon/GolStadium.png
Discovery,ES| DISCOVERY FHDᴿᴬᵂ,https://raw.githubusercontent.com/davidmuma/picons_dobleM/master/icon/Torol%C3%A9%20TV.png
Discovery Turbo,Discovery Turbo,https://raw.githubusercontent.com/davidmuma/picons_dobleM/master/icon/Iberalia%20pesca.png
Disney Junior,ES| DISNEY JUNIORᴿᴬᵂ,https://raw.githubusercontent.com/davidmuma/picons_dobleM/master/icon/Iberalia%20caza.png
Distrito TV,Distrito TV,https://raw.githubusercontent.com/davidmuma/picons_dobleM/master/icon/Global%20Telenovelas.png
Divinity,ES| DIVINITYᴿᴬᵂ,https://raw.githubusercontent.com/davidmuma/picons_dobleM/master/icon/Global%20Tendencias.png
Djazz,Djazz,https://raw.githubusercontent.com/davidmuma/picons_dobleM/master/icon/Fight%20Time.png
DKISS,ES| DKISS FHDᴿᴬᵂ,https://raw.githubusercontent.com/davidmuma/picons_dobleM/master/icon/DBike.png
DMAX,ES| DMAX FHDᴿᴬᵂ,https://raw.githubusercontent.com/davidmuma/picons_dobleM/master/icon/N%C3%A1utica%20TV.png
Dramas (Rakuten TV),Dramas (Rakuten TV),https://raw.githubusercontent.com/davidmuma/picons_dobleM/master/icon/Antena%20Motor.png
Dreamworks HD,ES| DREAM WORKᴿᴬᵂ,https://raw.githubusercontent.com/davidmuma/picons_dobleM/master/icon/Dh%C3%ADpica.png
DSPORTS,DSPORTS,https://raw.githubusercontent.com/davidmuma/picons_dobleM/master/icon/REKTV.png
DSPORTS 2,DSPORTS 2,https://raw.githubusercontent.com/davidmuma/picons_dobleM/master/icon/tlnovelas.png
DSPORTS Fight,DSPORTS Fight,https://raw.githubusercontent.com/davidmuma/picons_dobleM/master/icon/DePel%C3%ADcula.png
DSPORTS+,DSPORTS+,https://raw.githubusercontent.com/davidmuma/picons_dobleM/master/icon/DejateTV.png
EITB Basque,ES| EITB BASQUEᴿᴬᵂ,https://raw.githubusercontent.com/davidmuma/picons_dobleM/master/icon/PTV%20Granada.png
El 33 Catalunya,El 33 Catalunya,https://raw.githubusercontent.com/davidmuma/picons_dobleM/master/icon/PTV%20Sevilla.png
El 9 TV,El 9 TV,https://raw.githubusercontent.com/davidmuma/picons_dobleM/master/icon/PTV%20Linares.png
El club de la comedia,El club de la comedia,https://raw.githubusercontent.com/davidmuma/picons_dobleM/master/icon/PTV%20M%C3%A1laga.png
El Hormiguero,El Hormiguero,https://raw.githubusercontent.com/davidmuma/picons_dobleM/master/icon/NFL%20Network.png
El Toro TV,ES| EL TORO TVᴿᴬᵂ,https://raw.githubusercontent.com/davidmuma/picons_dobleM/master/icon/Red%20Bull%20TV.png
Elche 7 TV,Elche 7 TV,https://raw.githubusercontent.com/davidmuma/picons_dobleM/master/icon/Unbeaten.png
EmpordaTV,EmpordaTV,https://raw.githubusercontent.com/davidmuma/picons_dobleM/master/icon/PowerSports%20World.png
Energy,ES| ENERGYᴿᴬᵂ,https://raw.githubusercontent.com/davidmuma/picons_dobleM/master/icon/PLL%20Network.png
Equipo de investigación,Equipo de investigación,https://raw.githubusercontent.com/davidmuma/picons_dobleM/master/icon/ACL%20Cornhole%20TV.png
Escapa TV,Escapa TV,https://raw.githubusercontent.com/davidmuma/picons_dobleM/master/icon/Billiard%20TV.png
ESPN,ESPN,https://image.discovery.indazn.com/eu/v4/onboarding-images/none/sn_6by3h89i2eykc341oz7lv1ddd/fill/center/top/none/100/0/0/png/image/25/g
ESPN 2,ESPN 2,https://image.discovery.indazn.com/eu/v4/onboarding-images/none/sn_6by3h89i2eykc341oz7lv1ddd/fill/center/top/none/100/0/0/png/image/25/g
ESPN 3,ESPN 3,https://image.discovery.indazn.com/eu/v4/onboarding-images/none/sn_6by3h89i2eykc341oz7lv1ddd/fill/center/top/none/100/0/0/png/image/25/g
ESPN 4,ESPN 4,https://image.discovery.indazn.com/eu/v4/onboarding-images/none/sn_6by3h89i2eykc341oz7lv1ddd/fill/center/top/none/100/0/0/png/image/25/g
ESPN Deportes,ESPN Deportes,https://image.discovery.indazn.com/eu/v4/onboarding-images/none/sn_6by3h89i2eykc341oz7lv1ddd/fill/center/top/none/100/0/0/png/image/25/g
ESPN International,ESPN International,https://image.discovery.indazn.com/eu/v4/onboarding-images/none/sn_34pl8szyvrbwcmfkuocjm3r6t/fill/center/top/none/100/0/0/png/image/25/g
Esport 3,Esport 3,https://image.discovery.indazn.com/eu/v4/onboarding-images/none/sn_34pl8szyvrbwcmfkuocjm3r6t/fill/center/top/none/100/0/0/png/image/25/g
Esport3 Catalunya,Esport3 Catalunya,https://image.discovery.indazn.com/eu/v4/onboarding-images/none/sn_5k620c7y6dlbmcm88dt3eb7t/fill/center/top/none/100/0/0/png/image/25/g
ETB1,ES| ETB 1 FHDᴿᴬᵂ,https://image.discovery.indazn.com/eu/v4/onboarding-images/none/sn_5k620c7y6dlbmcm88dt3eb7t/fill/center/top/none/100/0/0/png/image/25/g
ETB2,ES| ETB 2 HDᴿᴬᵂ,https://image.discovery.indazn.com/eu/v4/onboarding-images/none/sn_5k620c7y6dlbmcm88dt3eb7t/fill/center/top/none/100/0/0/png/image/25/g
ETB3,ES| IB 3 FHDᴿᴬᵂ,https://image.discovery.indazn.com/eu/v4/onboarding-images/none/sn_b5udgm9vakjqz8dcmy5b2g0xt/fill/center/top/none/100/0/0/png/image/25/g
ETB4,ES| ETB 4 HDᴿᴬᵂ,https://image.discovery.indazn.com/eu/v4/onboarding-images/none/sn_b5udgm9vakjqz8dcmy5b2g0xt/fill/center/top/none/100/0/0/png/image/25/g
ETV,ETV,https://image.discovery.indazn.com/eu/v4/onboarding-images/none/sn_b5udgm9vakjqz8dcmy5b2g0xt/fill/center/top/none/100/0/0/png/image/25/g
EuroNews,ES| EURONEWSᴿᴬᵂ,https://image.discovery.indazn.com/eu/v4/onboarding-images/none/sn_b5udgm9vakjqz8dcmy5b2g0xt/fill/center/top/none/100/0/0/png/image/25/g
Eurosport 1 HD,ES| EUROSPORT 1ᴿᴬᵂ,https://image.discovery.indazn.com/eu/v4/onboarding-images/none/sn_b5udgm9vakjqz8dcmy5b2g0xt/fill/center/top/none/100/0/0/png/image/25/g
Eurosport 2,ES| EUROSPORT 2ᴿᴬᵂ,https://image.discovery.indazn.com/eu/v4/onboarding-images/none/sn_b5udgm9vakjqz8dcmy5b2g0xt/fill/center/top/none/100/0/0/png/image/25/g
Eurosport 4K,Eurosport 4K,https://image.discovery.indazn.com/eu/v4/onboarding-images/none/sn_b5udgm9vakjqz8dcmy5b2g0xt/fill/center/top/none/100/0/0/png/image/25/g
EWTN,EWTN,https://image.discovery.indazn.com/eu/v4/onboarding-images/none/sn_b5udgm9vakjqz8dcmy5b2g0xt/fill/center/top/none/100/0/0/png/image/25/g
Extreme Channel,Extreme Channel,https://image.discovery.indazn.com/eu/v4/onboarding-images/none/sn_b5udgm9vakjqz8dcmy5b2g0xt/fill/center/top/none/100/0/0/png/image/25/g
Factoría de Ficción,Factoría de Ficción,https://image.discovery.indazn.com/eu/v4/onboarding-images/none/sn_2kwbbcootiqqgmrzs6o5inle5/fill/center/top/none/100/0/0/png/image/25/g
FashionTV,FashionTV,https://image.discovery.indazn.com/eu/v4/onboarding-images/none/sn_2kwbbcootiqqgmrzs6o5inle5/fill/center/top/none/100/0/0/png/image/25/g
"Fast&amp,FunBox","Fast&amp,FunBox",https://image.discovery.indazn.com/eu/v4/onboarding-images/none/sn_2kwbbcootiqqgmrzs6o5inle5/fill/center/top/none/100/0/0/png/image/25/g
Festival 4K,Festival 4K,https://image.discovery.indazn.com/eu/v4/onboarding-images/none/sn_2kwbbcootiqqgmrzs6o5inle5/fill/center/top/none/100/0/0/png/image/25/g
FIFA+,FIFA+,https://image.discovery.indazn.com/eu/v4/onboarding-images/none/sn_2kwbbcootiqqgmrzs6o5inle5/fill/center/top/none/100/0/0/png/image/25/g
Fight Box HD,Fight Box,https://image.discovery.indazn.com/eu/v4/onboarding-images/none/sn_1r097lpxe0xn03ihb7wi98kao/fill/center/top/none/100/0/0/png/image/25/g
Fight Sports, Fight Sports,https://image.discovery.indazn.com/eu/v4/onboarding-images/none/sn_1r097lpxe0xn03ihb7wi98kao/fill/center/top/none/100/0/0/png/image/25/g
Fight Time,ES| FIGHT TIME HDᴿᴬᵂ,https://image.discovery.indazn.com/eu/v4/onboarding-images/none/sn_2e554vbpw7g0ykhl0rziuabxl/fill/center/top/none/100/0/0/png/image/25/g
FightSports,FightSports,https://raw.githubusercontent.com/davidmuma/picons_dobleM/master/icon/VE%20PLUS%20TV.png
Flamenco Auditorio,Flamenco Auditorio,https://raw.githubusercontent.com/davidmuma/picons_dobleM/master/icon/Extreme%20Channel.png
Flooxer,Flooxer,https://raw.githubusercontent.com/davidmuma/picons_dobleM/master/icon/N%C3%B3s%20Televisi%C3%B3n.png
FoQ,FoQ,https://raw.githubusercontent.com/davidmuma/picons_dobleM/master/icon/TELEVIGO.png
FOX SPORTS,ES| FOX SPORT 1ᴿᴬᵂ,https://raw.githubusercontent.com/davidmuma/picons_dobleM/master/icon/Lolly%20Kids.png
FOX SPORTS 2,ES| FOX SPORT 2ᴿᴬᵂ,https://raw.githubusercontent.com/davidmuma/picons_dobleM/master/icon/VINX.png
FOX SPORTS 3,ES| FOX SPORT 3ᴿᴬᵂ,https://raw.githubusercontent.com/davidmuma/picons_dobleM/master/icon/HIT%20TV.png
FR | ARTE,FR | ARTE,https://raw.githubusercontent.com/davidmuma/picons_dobleM/master/icon/MTV%2080s.png
FR | beIN SPORTS 1,FR | beIN SPORTS 1,https://raw.githubusercontent.com/davidmuma/picons_dobleM/master/icon/MTV%2090s.png
FR | beIN SPORTS 2,FR | beIN SPORTS 2,https://raw.githubusercontent.com/davidmuma/picons_dobleM/master/icon/MTV%20Hits.png
FR | beIN SPORTS 3,FR | beIN SPORTS 3,https://raw.githubusercontent.com/davidmuma/picons_dobleM/master/icon/Club%20MTV.png
FR | beIN SPORTS MAX 10,FR | beIN SPORTS MAX 10,https://raw.githubusercontent.com/davidmuma/picons_dobleM/master/icon/NickMusic.png
FR | beIN SPORTS MAX 4,FR | beIN SPORTS MAX 4,https://raw.githubusercontent.com/davidmuma/picons_dobleM/master/icon/Record.png
FR | beIN SPORTS MAX 5,FR | beIN SPORTS MAX 5,https://raw.githubusercontent.com/davidmuma/picons_dobleM/master/icon/RTP%20Internacional.png
FR | beIN SPORTS MAX 6,FR | beIN SPORTS MAX 6,https://raw.githubusercontent.com/davidmuma/picons_dobleM/master/icon/NHK%20WORLD.png
FR | beIN SPORTS MAX 7,FR | beIN SPORTS MAX 7,https://raw.githubusercontent.com/davidmuma/picons_dobleM/master/icon/PRO%20TV%20RUMANIA.png
FR | beIN SPORTS MAX 8,FR | beIN SPORTS MAX 8,https://raw.githubusercontent.com/davidmuma/picons_dobleM/master/icon/Playboy%20TV.png
FR | beIN SPORTS MAX 9,FR | beIN SPORTS MAX 9,https://raw.githubusercontent.com/davidmuma/picons_dobleM/master/icon/Dark%20Rojo.png
FR | CANAL+ Premier League,FR | CANAL+ Premier League,https://raw.githubusercontent.com/davidmuma/picons_dobleM/master/icon/AMC%20Anime.png
FR | CANAL+ Sport,FR | CANAL+ Sport,https://raw.githubusercontent.com/davidmuma/picons_dobleM/master/icon/AMC%2B%20Connect.png
FR | DAZN 1,FR | DAZN 1,https://raw.githubusercontent.com/davidmuma/picons_dobleM/master/icon/Squirrel%20TV.png
FR | DAZN 2,FR | DAZN 2,https://raw.githubusercontent.com/davidmuma/picons_dobleM/master/icon/Escapa%20TV.png
FR | DAZN 3,FR | DAZN 3,https://raw.githubusercontent.com/davidmuma/picons_dobleM/master/icon/Popular%20TV%20Regi%C3%B3n%20de%20Murcia.png
FR | DAZN 4,FR | DAZN 4,https://raw.githubusercontent.com/davidmuma/picons_dobleM/master/icon/La%207%20Rioja.png
FR | DAZN 5,FR | DAZN 5,https://raw.githubusercontent.com/davidmuma/picons_dobleM/master/icon/ETB4.png
FR | Eurosport 1,FR | Eurosport 1,https://raw.githubusercontent.com/davidmuma/picons_dobleM/master/icon/TPA7%20Asturias.png
FR | Eurosport 2,FR | Eurosport 2,https://raw.githubusercontent.com/davidmuma/picons_dobleM/master/icon/TPA8%20Asturias.png
FR | Eurosport 360 1,FR | Eurosport 360 1,https://raw.githubusercontent.com/davidmuma/picons_dobleM/master/icon/Levante%20TV.png
FR | Eurosport 360 2,FR | Eurosport 360 2,https://raw.githubusercontent.com/davidmuma/picons_dobleM/master/icon/Onda%20Algeciras%20TV.png
FR | Eurosport 360 3,FR | Eurosport 360 3,https://raw.githubusercontent.com/davidmuma/picons_dobleM/master/icon/Tele%20Elx.png
FR | Eurosport 360 4,FR | Eurosport 360 4,https://raw.githubusercontent.com/davidmuma/picons_dobleM/master/icon/7teleValencia.png
FR | Eurosport 360 5,FR | Eurosport 360 5,https://raw.githubusercontent.com/davidmuma/picons_dobleM/master/icon/Informaci%C3%B3n%20TV.png
FR | Eurosport 360 6,FR | Eurosport 360 6,https://raw.githubusercontent.com/davidmuma/picons_dobleM/master/icon/DAZN%201%20BAR.png
FR | Eurosport 360 7,FR | Eurosport 360 7,https://raw.githubusercontent.com/davidmuma/picons_dobleM/master/icon/DAZN%202%20BAR.png
FR | Eurosport 360 8,FR | Eurosport 360 8,https://raw.githubusercontent.com/davidmuma/picons_dobleM/master/icon/LaLiga%20TV%20BAR%204.png
FR | FRANCE 24,FR | FRANCE 24,https://raw.githubusercontent.com/davidmuma/picons_dobleM/master/icon/LaLiga%20TV%20BAR%205.png
FR | I24 NEWS,FR | I24 NEWS,https://raw.githubusercontent.com/davidmuma/picons_dobleM/master/icon/La%201%20Catalu%C3%B1a.png
FR | INFOSPORT+,FR | INFOSPORT+,https://raw.githubusercontent.com/davidmuma/picons_dobleM/master/icon/La%202%20Catalu%C3%B1a.png
FR | L`ÉQUIPE,FR | L`ÉQUIPE,https://raw.githubusercontent.com/davidmuma/picons_dobleM/master/icon/24%20horas%20Catalu%C3%B1a.png
FR | MTV,FR | MTV,https://raw.githubusercontent.com/davidmuma/picons_dobleM/master/icon/La%201%20Canarias.png
France 2,France 2,https://raw.githubusercontent.com/davidmuma/picons_dobleM/master/icon/La%202%20Canarias.png
France 24 (en Francais),France 24 (en Francais),https://raw.githubusercontent.com/davidmuma/picons_dobleM/master/icon/24%20horas%20Canarias.png
France 5,France 5,https://raw.githubusercontent.com/davidmuma/picons_dobleM/master/icon/La%20Promesa.png
Gametoon,Gametoon,https://raw.githubusercontent.com/davidmuma/picons_dobleM/master/icon/La%20Revuelta.png
Garage TV,ES| EL GARAGE TVᴿᴬᵂ,https://raw.githubusercontent.com/davidmuma/picons_dobleM/master/icon/Somos%20Cine.png
Global Telenovelas,Global Telenovelas,https://raw.githubusercontent.com/davidmuma/picons_dobleM/master/icon/Cu%C3%A9ntame.png
Global Tendencias,Global Tendencias,https://raw.githubusercontent.com/davidmuma/picons_dobleM/master/icon/Saber%20y%20ganar.png
GOL,GOL,https://raw.githubusercontent.com/davidmuma/picons_dobleM/master/icon/Los%20Conciertos%20de%20Radio%203.png
GolStadium,GolStadium,https://raw.githubusercontent.com/davidmuma/picons_dobleM/master/icon/TV3%20Catalunya.png
GolStadium BAR,GolStadium BAR,https://raw.githubusercontent.com/davidmuma/picons_dobleM/master/icon/3CatInfo%20Catalunya.png
Gulli,Gulli,https://raw.githubusercontent.com/davidmuma/picons_dobleM/master/icon/SX3%20Catalunya.png
HBO Max Avances,ES| MAX AVANCESᴿᴬᵂ,
Historia,Historia,
Historia y Vida,ES| HISTORIA HDᴿᴬᵂ,
HIT TV,HIT TV,
Horse TV,Horse TV,
Huelva TV,Huelva TV,
IB3 TV Illes Balears,IB3 TV Illes Balears,
Iberalia caza,ES| IBERALIA CAZA HDᴿᴬᵂ,
Iberalia pesca,ES| IBERALIA PESCA HDᴿᴬᵂ,
Iberalia TV,ES| IBERALIA HDᴿᴬᵂ,
iConcerts,iConcerts,
Imás TV,Imás TV,
Infinity Comedia,Infinity Comedia,
Infinity En la calle,Infinity En la calle,
Infinity Top Series,Infinity Top Series,
Infinity Viajes,Infinity Viajes,
Infinity+ LQSA,Infinity+ LQSA,
Información TV,Información TV,
Inquietos atresplayer,Inquietos atresplayer,
interalmería TV,interalmería TV,
Kidz,Kidz,
La 1 Canarias,La 1 Canarias,
La 1 Cataluña,La 1 Cataluña,
La 1 HD,ES| LA 1 FHDᴿᴬᵂ,
La 2,ES| LA 2 FHDᴿᴬᵂ,
La 2 Canarias,La 2 Canarias,
La 2 Cataluña,La 2 Cataluña,
La 7 Ávila,La 7 Ávila,
La 7 Bierzo,La 7 Bierzo,
La 7 Burgos,La 7 Burgos,
La 7 CyL,La 7 CyL,
La 7 León,La 7 León,
La 7 Murcia,La 7 Murcia,
La 7 Palencia,La 7 Palencia,
La 7 Rioja,La 7 Rioja,
La 7 Salamanca,La 7 Salamanca,
La 7 Segovia,La 7 Segovia,
La 7 Soria,La 7 Soria,
La 7 Valladolid,La 7 Valladolid,
La 7 Zamora,La 7 Zamora,
La 8 Ávila,La 8 Ávila,
La 8 Bierzo,La 8 Bierzo,
La 8 Burgos,La 8 Burgos,
La 8 León,La 8 León,
La 8 Palencia,La 8 Palencia,
La 8 Salamanca,La 8 Salamanca,
La 8 Segovia,La 8 Segovia,
La 8 Soria,La 8 Soria,
La 8 Valladolid,La 8 Valladolid,
La 8 Zamora,La 8 Zamora,
La Ocho Mediterráneo,La Ocho Mediterráneo,
La Otra,ES| LAOTRA HDᴿᴬᵂ,
La Promesa,La Promesa,
La Revuelta,La Revuelta,
La Sexta HD,ES| LA SEXTAᴿᴬᵂ,
LALIGA Inside,LALIGA Inside,
LaLiga TV BAR 2,LaLiga TV BAR 2,
LaLiga TV BAR 3,LaLiga TV BAR 3,
LaLiga TV BAR 4,LaLiga TV BAR 4,
LaLiga TV BAR 5,LaLiga TV BAR 5,
LaLiga TV BAR HD,LaLiga TV BAR,
LaLiga TV Hypermotion 2,ES| LIGA SMARTBANK 2ᴿᴬᵂ,
LaLiga TV Hypermotion 3,ES| LIGA SMARTBANK 3ᴿᴬᵂ,
LaLiga TV Hypermotion HD,ES| LIGA SMARTBANK 1ᴿᴬᵂ,
Levante TV,Levante TV,
Libertad Digital TV,Libertad Digital TV,
Lleida TV,Lleida TV,
Lolly Kids,Lolly Kids,
Los Conciertos de Radio 3,Los Conciertos de Radio 3,https://raw.githubusercontent.com/davidmuma/picons_dobleM/master/icon/DARK.png
Love the Planet,Love the Planet,https://raw.githubusercontent.com/davidmuma/picons_dobleM/master/icon/AMC%20Break.png
Love Wine,Love Wine,https://raw.githubusercontent.com/davidmuma/picons_dobleM/master/icon/Odisea.png
M+ Acción HD,ES| M+ ACCIóN FHDᴿᴬᵂ,https://raw.githubusercontent.com/davidmuma/picons_dobleM/master/icon/AMC.png
M+ Cine Español,ES| M+ CINE ESPANOLᴿᴬᵂ,https://raw.githubusercontent.com/davidmuma/picons_dobleM/master/icon/AMC%20Crime.png
M+ Clásicos HD,ES| M+ CLASICOSᴿᴬᵂ,https://raw.githubusercontent.com/davidmuma/picons_dobleM/master/icon/Historia.png
M+ Comedia HD,ES| M+ COMEDIAᴿᴬᵂ,https://raw.githubusercontent.com/davidmuma/picons_dobleM/master/icon/XTRM.png
M+ Deportes 2 HD,ES| M+ DEPORTES 2 HDᴿᴬᵂ,https://raw.githubusercontent.com/davidmuma/picons_dobleM/master/icon/Canal%20Hollywood.png
M+ Deportes 3,ES| M+ DEPORTES 3 HDᴿᴬᵂ,https://raw.githubusercontent.com/davidmuma/picons_dobleM/master/icon/Sundance%20TV.png
M+ Deportes 4,ES| M+ DEPORTES 4 HDᴿᴬᵂ,https://raw.githubusercontent.com/davidmuma/picons_dobleM/master/icon/VinTV.png
M+ Deportes 5,ES| M+ DEPORTES 5 HDᴿᴬᵂ,https://raw.githubusercontent.com/davidmuma/picons_dobleM/master/icon/Somos.png
M+ Deportes 6,ES| M+ DEPORTES 6 HDᴿᴬᵂ,https://raw.githubusercontent.com/davidmuma/picons_dobleM/master/icon/Canal%20Cocina.png
M+ Deportes 7,M+ Deportes 7,https://raw.githubusercontent.com/davidmuma/picons_dobleM/master/icon/Decasa.png
M+ Deportes 8,M+ Deportes 8,https://raw.githubusercontent.com/davidmuma/picons_dobleM/master/icon/SELEKT.png
M+ Deportes HD,ES| M+ DEPORTES 1 HDᴿᴬᵂ,https://raw.githubusercontent.com/davidmuma/picons_dobleM/master/icon/Festival%204K.png
M+ Documentales HD,ES| M+ DOCUMENTALESᴿᴬᵂ,https://raw.githubusercontent.com/davidmuma/picons_dobleM/master/icon/Veo7.png
M+ Drama HD,ES| M+ DRAMA FHDᴿᴬᵂ,https://raw.githubusercontent.com/davidmuma/picons_dobleM/master/icon/BOM%20Cine.png
M+ Ellas Vamos HD,ES| M+ ELLAS VAMOSᴿᴬᵂ,https://raw.githubusercontent.com/davidmuma/picons_dobleM/master/icon/BuenViaje.png
M+ En juego,ES| M+ VAMOSᴿᴬᵂ,https://raw.githubusercontent.com/davidmuma/picons_dobleM/master/icon/Cines%20Verdi%20TV.png
M+ Estrenos HD,M+ Estrenos,https://raw.githubusercontent.com/davidmuma/picons_dobleM/master/icon/Cine%20Feel%20Good.png
M+ Golf 2 HD,ES| M+ MOVISTAR GOLF 2 FHDᴿᴬᵂ,https://raw.githubusercontent.com/davidmuma/picons_dobleM/master/icon/LALIGA%20Inside.png
M+ Golf HD,M+ Golf,https://raw.githubusercontent.com/davidmuma/picons_dobleM/master/icon/Top%20Bar%C3%A7a.png
M+ Hits HD,ES| M+ HITSᴿᴬᵂ,https://raw.githubusercontent.com/davidmuma/picons_dobleM/master/icon/Betis%20TV.png
M+ Indie HD,ES| M+ INDIE FHDᴿᴬᵂ,https://raw.githubusercontent.com/davidmuma/picons_dobleM/master/icon/Runtime%20Thriller-Terror.png
M+ LaLiga 2 HD,ES| M+ LALIGA TV 2 FHDᴿᴬᵂ,https://raw.githubusercontent.com/davidmuma/picons_dobleM/master/icon/Runtime%20Comedia.png
M+ LaLiga 2 HDR,ES| M+ LALIGA TV 2 FHDᴿᴬᵂ,https://raw.githubusercontent.com/davidmuma/picons_dobleM/master/icon/Runtime%20Cine%20y%20Series.png
M+ LaLiga 3 HD,ES| M+ LALIGA TV 3 FHDᴿᴬᵂ,https://raw.githubusercontent.com/davidmuma/picons_dobleM/master/icon/Runtime%20Series.png
M+ LaLiga 4,ES| M+ LALIGA TV 4 FHDᴿᴬᵂ,https://raw.githubusercontent.com/davidmuma/picons_dobleM/master/icon/Runtime%20Acci%C3%B3n.png
M+ LaLiga 5,M+ LaLiga 5,https://raw.githubusercontent.com/davidmuma/picons_dobleM/master/icon/Runtime%20Crimen.png
M+ LaLiga 6,M+ LaLiga 6,https://raw.githubusercontent.com/davidmuma/picons_dobleM/master/icon/Runtime%20Romance.png
M+ LaLiga HD,M+ LaLiga,https://raw.githubusercontent.com/davidmuma/picons_dobleM/master/icon/RunTime%20Cl%C3%A1sicos.png
M+ LaLiga HDR,ES| M+ LALIGA TV FHDᴿᴬᵂ,https://raw.githubusercontent.com/davidmuma/picons_dobleM/master/icon/RunTime%20Familia.png
M+ Liga de Campeones 10,ES| M+ LALIGA DE CAMPEONES 10 HDᴿᴬᵂ,https://raw.githubusercontent.com/davidmuma/picons_dobleM/master/icon/TRACE%20Sports%20Stars.png
M+ Liga de Campeones 11,ES| M+ LALIGA DE CAMPEONES 11 HDᴿᴬᵂ,https://raw.githubusercontent.com/davidmuma/picons_dobleM/master/icon/Horse%20TV.png
M+ Liga de Campeones 12,ES| M+ LALIGA DE CAMPEONES 12 HDᴿᴬᵂ,https://raw.githubusercontent.com/davidmuma/picons_dobleM/master/icon/Nautical%20Channel.png
M+ Liga de Campeones 13,ES| M+ LALIGA DE CAMPEONES 13 HDᴿᴬᵂ,https://raw.githubusercontent.com/davidmuma/picons_dobleM/master/icon/Surf%20Channel.png
M+ Liga de Campeones 14,M+ Liga de Campeones 14,https://raw.githubusercontent.com/davidmuma/picons_dobleM/master/icon/Motorvision.png
M+ Liga de Campeones 15,M+ Liga de Campeones 15,https://raw.githubusercontent.com/davidmuma/picons_dobleM/master/icon/Fast%26FunBox.png
M+ Liga de Campeones 16,M+ Liga de Campeones 16,https://raw.githubusercontent.com/davidmuma/picons_dobleM/master/icon/FightSports.png
M+ Liga de Campeones 17,M+ Liga de Campeones 17,https://raw.githubusercontent.com/davidmuma/picons_dobleM/master/icon/Fight%20Box.png
M+ Liga de Campeones 18,M+ Liga de Campeones 18,https://raw.githubusercontent.com/davidmuma/picons_dobleM/master/icon/MTV%20Live.png
M+ Liga de Campeones 19,M+ Liga de Campeones 19,https://raw.githubusercontent.com/davidmuma/picons_dobleM/master/icon/QWest%20Mix.png
M+ Liga de Campeones 2 HD,M+ Liga de Campeones 2,https://raw.githubusercontent.com/davidmuma/picons_dobleM/master/icon/Sol%20M%C3%BAsica.png
M+ Liga de Campeones 2 HDR,M+ Liga de Campeones 2 HDR,https://raw.githubusercontent.com/davidmuma/picons_dobleM/master/icon/TRACE%20Latina.png
M+ Liga de Campeones 3 HD,M+ Liga de Campeones 3,https://raw.githubusercontent.com/davidmuma/picons_dobleM/master/icon/TRACE%20Urban.png
M+ Liga de Campeones 4,M+ Liga de Campeones 4,https://raw.githubusercontent.com/davidmuma/picons_dobleM/master/icon/iConcerts.png
M+ Liga de Campeones 5,M+ Liga de Campeones 5,https://raw.githubusercontent.com/davidmuma/picons_dobleM/master/icon/Djazz.png
M+ Liga de Campeones 6,M+ Liga de Campeones 6,https://raw.githubusercontent.com/davidmuma/picons_dobleM/master/icon/Cazavisi%C3%B3n.png
M+ Liga de Campeones 7,M+ Liga de Campeones 7,https://raw.githubusercontent.com/davidmuma/picons_dobleM/master/icon/TR3CE.png
M+ Liga de Campeones 8,M+ Liga de Campeones 8,https://raw.githubusercontent.com/davidmuma/picons_dobleM/master/icon/Deutsche%20W.png
M+ Liga de Campeones 9,M+ Liga de Campeones 9,https://raw.githubusercontent.com/davidmuma/picons_dobleM/master/icon/Pro%20TV.png
M+ Liga de Campeones HD,M+ Liga de Campeones,https://raw.githubusercontent.com/davidmuma/picons_dobleM/master/icon/Caracol%20TV.png
M+ Liga de Campeones HDR,M+ Liga de Campeones HDR,https://raw.githubusercontent.com/davidmuma/picons_dobleM/master/icon/France%202.png
M+ Nicolas Cage,M+ Nicolas Cage,https://raw.githubusercontent.com/davidmuma/picons_dobleM/master/icon/France%205.png
M+ Originales HD,ES| M+ ORIGINALESᴿᴬᵂ,
M+ PopUp,ES| M+ LOS GOYA FHDᴿᴬᵂ,
M+ PopUp 2,ES| M+ DEMI MOOREᴿᴬᵂ,
M+ Vamos 2,M+ Vamos 2,
M+ Vamos HD,M+ Vamos,
M+ Wimbledon UHD,M+ Wimbledon,
M6,M6,
Mega,ES| MEGAᴿᴬᵂ,
Mezzo,ES| MEZZO LIVEᴿᴬᵂ,
Mezzo Live HD,Mezzo Live,
Moto ADV,Moto ADV,
Motorvision,ES| MOVISTAR PLUS+ᴿᴬᵂ,
Movistar Plus+ HD,Movistar Plus+,
Mr Bean Animated,Mr Bean Animated,
MTV 00s,ES| MTV 00sᴿᴬᵂ,
MTV 80s,MTV 80s,
MTV 90s,MTV 90s,
MTV Classic,MTV Classic,https://raw.githubusercontent.com/davidmuma/picons_dobleM/master/icon/8madrid%20TV.png
MTV España,MTV España,https://raw.githubusercontent.com/davidmuma/picons_dobleM/master/icon/Sky%20News%20International.png
MTV Hits,MTV Hits,https://raw.githubusercontent.com/davidmuma/picons_dobleM/master/icon/Arirang%20TV.png
MTV Live,ES| MTVᴿᴬᵂ,https://raw.githubusercontent.com/davidmuma/picons_dobleM/master/icon/1+1 International.png
Multicine atresplayer,Multicine atresplayer,https://images-3.rakuten.tv/storage/global-live-channel/translation/artwork-negative/8b0a19ef-9b8b-4a55-a8eb-6a06f756beac.png
MyPadel TV,MyPadel TV,https://images-1.rakuten.tv/storage/global-live-channel/translation/artwork-negative/e058d349-db97-4c0b-a9dd-477147a1d473.png
MyTime Movie Network (Rakuten TV),MyTime Movie Network (Rakuten TV),
Nat Geo Wild HD,ES| NAT GEO WILDᴿᴬᵂ,https://images-2.rakuten.tv/storage/global-live-channel/translation/artwork-negative/5728a608-5527-4d19-a4cc-18ca9f019688.png
National Geographic HD,ES| NATIONAL GEOGRAPHICᴿᴬᵂ,https://images-1.rakuten.tv/storage/global-live-channel/translation/artwork_negative/d3b1e728-ef8e-4dc6-b2ee-dd668a44bae4-mytime-movie-network-1643366410.png
NatureTime,NatureTime,https://images-3.rakuten.tv/storage/global-live-channel/translation/artwork-negative/2da65634-f27e-48f9-8f3b-a03bd31cbade.png
Náutica TV,Náutica TV,https://images-2.rakuten.tv/storage/global-live-channel/translation/artwork-negative/6a3d067c-8cb2-4581-84e1-f284ee948e3a.png
Nautical Channel,Nautical Channel,https://images-0.rakuten.tv/storage/global-live-channel/translation/artwork-negative/ee3c242a-398d-4d9e-9a79-c8c6427278c0.png
Navarra TV,ES| NAVARRA TVᴿᴬᵂ,https://images-3.rakuten.tv/storage/global-live-channel/translation/artwork-negative/14c7b74d-cd73-4791-98f2-f6e097cce068.png
Navarra TV 2,Navarra TV 2,https://images-1.rakuten.tv/storage/global-live-channel/translation/artwork-negative/6b4cf5b7-bb4d-439a-9779-f83fd1bde012.png
Negocios TV,ES| NEGOCIOS TVᴿᴬᵂ,https://images-0.rakuten.tv/storage/global-live-channel/translation/artwork-negative/82ae4be3-2514-4733-9f9d-89545d4e2ef4.png
Neox,ES| NEOXᴿᴬᵂ,https://images-3.rakuten.tv/storage/global-live-channel/translation/artwork-negative/b03ad405-231f-44f4-90ea-5fdacaf2a06c.png
NFL Network,NFL Network,https://images-1.rakuten.tv/storage/global-live-channel/translation/artwork-negative/e2bc4647-5158-44b1-a14e-6b541ed03997.png
NHK WORLD,NHK WORLD,https://dsports-widgets.tbxnet.com/assets/images/channels/1610.png
Nick JR,ES| NICK JRᴿᴬᵂ,https://dsports-widgets.tbxnet.com/assets/images/channels/1612.png
Nickelodeon HD,ES| NICKELODEONᴿᴬᵂ,https://dsports-widgets.tbxnet.com/assets/images/channels/1613.png
NickMusic,NickMusic,https://dsports-widgets.tbxnet.com/assets/images/channels/1615.png
Nós Televisión,Nós Televisión,https://raw.githubusercontent.com/davidmuma/picons_dobleM/master/icon/beIN%20SPORTS%20en%20espa%C3%B1ol.png
Nova,ES| NOVAᴿᴬᵂ,https://raw.githubusercontent.com/davidmuma/picons_dobleM/master/icon/beIN%20SPORTS%20XTRA%20%C3%B1.png
Nuestra Tele Internacional,Nuestra Tele Internacional,https://raw.githubusercontent.com/davidmuma/picons_dobleM/master/icon/CNN%20en%20Espa%C3%B1ol.png
Odisea,ES| ODISEA HDᴿᴬᵂ,https://raw.githubusercontent.com/davidmuma/picons_dobleM/master/icon/Concert%20Channel.png
Olot TV,Olot TV,https://raw.githubusercontent.com/davidmuma/picons_dobleM/master/icon/Star%20TVE.png
Onda Algeciras TV,Onda Algeciras TV,https://raw.githubusercontent.com/davidmuma/picons_dobleM/master/icon/Discovery%20Turbo.png
Onda Cádiz TV,Onda Cádiz TV,https://raw.githubusercontent.com/davidmuma/picons_dobleM/master/icon/FOX%20SPORTS.png
Onetoro,Onetoro,https://raw.githubusercontent.com/davidmuma/picons_dobleM/master/icon/FOX%20SPORTS%202.png
Paramount Network,ES| PARAMOUNT NETWORKᴿᴬᵂ,https://raw.githubusercontent.com/davidmuma/picons_dobleM/master/icon/FOX%20SPORTS%203.png
Películas Románticas (Rakuten TV),Películas Románticas (Rakuten TV),https://raw.githubusercontent.com/davidmuma/picons_dobleM/master/icon/ESPN.png
Pelis Top (Rakuten TV),Pelis Top (Rakuten TV),https://raw.githubusercontent.com/davidmuma/picons_dobleM/master/icon/ESPN%202.png
Penedès TV,Penedès TV,https://raw.githubusercontent.com/davidmuma/picons_dobleM/master/icon/ESPN%203.png
Play Melilla,Play Melilla,https://raw.githubusercontent.com/davidmuma/picons_dobleM/master/icon/ESPN%204.png
Playboy TV,Playboy TV,https://raw.githubusercontent.com/davidmuma/picons_dobleM/master/icon/ESPN%20Deportes.png
PLL Network,PLL Network,https://raw.githubusercontent.com/davidmuma/picons_dobleM/master/icon/ESPN%20International.png
Popular TV Cantabria,Popular TV Cantabria,https://raw.githubusercontent.com/davidmuma/picons_dobleM/master/icon/TyC%20Sports.png
Popular TV Región de Murcia,Popular TV Región de Murcia,https://raw.githubusercontent.com/davidmuma/picons_dobleM/master/icon/TUDN%20(Estados%20Unidos).png
PowerSports World,PowerSports World,https://raw.githubusercontent.com/davidmuma/picons_dobleM/master/icon/TUDN%20(M%C3%A9xico).png
Primera Federación,Primera Federación,https://raw.githubusercontent.com/davidmuma/picons_dobleM/master/icon/Sky%20Sports%2016.png
Pro TV,Pro TV,https://raw.githubusercontent.com/davidmuma/picons_dobleM/master/icon/Atrescine.png
PRO TV RUMANIA,PRO TV RUMANIA,https://raw.githubusercontent.com/davidmuma/picons_dobleM/master/icon/Vivid%20TV.png
PT | Canal 11,PT | Canal 11,https://raw.githubusercontent.com/davidmuma/picons_dobleM/master/icon/MTV%20Classic.png
PT | DAZN 1,PT | DAZN 1,https://raw.githubusercontent.com/davidmuma/picons_dobleM/master/icon/ARTE.png
PT | DAZN 2,PT | DAZN 2,https://raw.githubusercontent.com/davidmuma/picons_dobleM/master/icon/FRANCE%2024.png
PT | DAZN 3,PT | DAZN 3,https://raw.githubusercontent.com/davidmuma/picons_dobleM/master/icon/I24%20NEWS.png
PT | DAZN 4,PT | DAZN 4,https://raw.githubusercontent.com/davidmuma/picons_dobleM/master/icon/MTV.png
PT | DAZN 5,PT | DAZN 5,https://raw.githubusercontent.com/davidmuma/picons_dobleM/master/icon/INFOSPORT%2B.png
PT | Eurosport 1 HD,PT | Eurosport 1,https://raw.githubusercontent.com/davidmuma/picons_dobleM/master/icon/L%60%C3%89QUIPE.png
PT | Eurosport 2 HD,PT | Eurosport 2,https://raw.githubusercontent.com/davidmuma/picons_dobleM/master/icon/beIN%20SPORTS%201.png
PT | Fight Box,PT | Fight Box,https://raw.githubusercontent.com/davidmuma/picons_dobleM/master/icon/beIN%20SPORTS%202.png
PT | MCM TOP HD,PT | MCM TOP,https://raw.githubusercontent.com/davidmuma/picons_dobleM/master/icon/beIN%20SPORTS%203.png
PT | Mezzo Live HD,PT | Mezzo Live,https://raw.githubusercontent.com/davidmuma/picons_dobleM/master/icon/beIN%20SPORTS%20MAX%204.png
PT | MTV HD,PT | MTV,https://raw.githubusercontent.com/davidmuma/picons_dobleM/master/icon/beIN%20SPORTS%20MAX%205.png
PT | Sport TV +,PT | Sport TV +,https://raw.githubusercontent.com/davidmuma/picons_dobleM/master/icon/beIN%20SPORTS%20MAX%206.png
PT | Sport TV 1,PT | Sport TV 1,https://raw.githubusercontent.com/davidmuma/picons_dobleM/master/icon/beIN%20SPORTS%20MAX%207.png
PT | Sport TV 2,PT | Sport TV 2,https://raw.githubusercontent.com/davidmuma/picons_dobleM/master/icon/beIN%20SPORTS%20MAX%208.png
PT | Sport TV 3,PT | Sport TV 3,https://raw.githubusercontent.com/davidmuma/picons_dobleM/master/icon/beIN%20SPORTS%20MAX%209.png
PT | Sport TV 4,PT | Sport TV 4,https://raw.githubusercontent.com/davidmuma/picons_dobleM/master/icon/beIN%20SPORTS%20MAX%2010.png
PT | Sport TV 5,PT | Sport TV 5,https://raw.githubusercontent.com/davidmuma/picons_dobleM/master/icon/CANAL%2B%20Sport.png
PT | Sport TV 6,PT | Sport TV 6,https://raw.githubusercontent.com/davidmuma/picons_dobleM/master/icon/CANAL%2B%20Premier%20League.png
PT | Sport TV 7,PT | Sport TV 7,https://raw.githubusercontent.com/davidmuma/picons_dobleM/master/icon/DAZN%201.png
PT | Sporting TV HD,PT | Sporting TV,https://raw.githubusercontent.com/davidmuma/picons_dobleM/master/icon/DAZN%202.png
PT | TRACE Urban HD,PT | TRACE Urban,https://raw.githubusercontent.com/davidmuma/picons_dobleM/master/icon/DAZN%203.png
PTV Granada,PTV Granada,https://raw.githubusercontent.com/davidmuma/picons_dobleM/master/icon/DAZN%204.png
PTV Linares,PTV Linares,https://raw.githubusercontent.com/davidmuma/picons_dobleM/master/icon/DAZN%205.png
PTV Málaga,PTV Málaga,https://raw.githubusercontent.com/davidmuma/picons_dobleM/master/icon/Eurosport%201.png
PTV Sevilla,PTV Sevilla,https://raw.githubusercontent.com/davidmuma/picons_dobleM/master/icon/Eurosport%202.png
Punt 3,Punt 3,https://raw.githubusercontent.com/davidmuma/picons_dobleM/master/icon/Eurosport%20360%201.png
QWest Mix,QWest Mix,https://raw.githubusercontent.com/davidmuma/picons_dobleM/master/icon/Eurosport%20360%202.png
Rally.TV,Rally.TV,https://raw.githubusercontent.com/davidmuma/picons_dobleM/master/icon/Eurosport%20360%203.png
Real Madrid TV,ES| REAL MADRID FHDᴿᴬᵂ,https://raw.githubusercontent.com/davidmuma/picons_dobleM/master/icon/Eurosport%20360%204.png
Record,Record,https://raw.githubusercontent.com/davidmuma/picons_dobleM/master/icon/Eurosport%20360%205.png
Red Bull TV,Red Bull TV,https://raw.githubusercontent.com/davidmuma/picons_dobleM/master/icon/Eurosport%20360%206.png
Red Bull TV (Rakuten TV),Red Bull TV (Rakuten TV),https://raw.githubusercontent.com/davidmuma/picons_dobleM/master/icon/Eurosport%20360%207.png
REKTV,REKTV,https://raw.githubusercontent.com/davidmuma/picons_dobleM/master/icon/Eurosport%20360%208.png
RTP Internacional,RTP Internacional,https://yt3.googleusercontent.com/ytc/AIdro_mJBwGvGJx9rJx7Fyo19zzImyR7p9O2WXRS1uPaSMoP6HE=s900-c-k-c0x00ffffff-no-rj
Runtime Acción,Runtime Acción,https://raw.githubusercontent.com/davidmuma/picons_dobleM/master/icon/Im%C3%A1s%20TV.png
Runtime Cine y Series,Runtime Cine y Series,https://www.punt3.es/android-icon-192x192.png
RunTime Clásicos,RunTime Clásicos,https://upload.wikimedia.org/wikipedia/commons/thumb/9/95/LOGO_DISTRITO_TV.png/598px-LOGO_DISTRITO_TV.png
Runtime Comedia,Runtime Comedia,https://upload.wikimedia.org/wikipedia/commons/3/32/Logo_Andorra_Televisi%C3%B3.png
Runtime Crimen,Runtime Crimen,https://raw.githubusercontent.com/davidmuma/picons_dobleM/master/icon/MCM%20TOP.png
RunTime Familia,RunTime Familia,https://raw.githubusercontent.com/davidmuma/picons_dobleM/master/icon/Mezzo%20Live.png
Runtime Romance,Runtime Romance,https://raw.githubusercontent.com/davidmuma/picons_dobleM/master/icon/MTV.png
Runtime Series,Runtime Series,https://raw.githubusercontent.com/davidmuma/picons_dobleM/master/icon/TRACE%20Urban.png
Runtime Thriller-Terror,Runtime Thriller-Terror,https://raw.githubusercontent.com/davidmuma/picons_dobleM/master/icon/Canal%2011.png
Saber y ganar,Saber y ganar,https://raw.githubusercontent.com/davidmuma/picons_dobleM/master/icon/DAZN%201.png
Sangre Fría,Sangre Fría,https://raw.githubusercontent.com/davidmuma/picons_dobleM/master/icon/DAZN%202.png
SELEKT,SELEKT,https://raw.githubusercontent.com/davidmuma/picons_dobleM/master/icon/DAZN%203.png
Sky News International,Sky News International,https://raw.githubusercontent.com/davidmuma/picons_dobleM/master/icon/DAZN%204.png
Sky Sports 16,Sky Sports 16,https://raw.githubusercontent.com/davidmuma/picons_dobleM/master/icon/DAZN%205.png
SkyShowtime,ES| SKY SHOWTIME 1 FHDᴿᴬᵂ,https://raw.githubusercontent.com/davidmuma/picons_dobleM/master/icon/Eurosport%201.png
Sol Música,Sol Música,https://raw.githubusercontent.com/davidmuma/picons_dobleM/master/icon/Eurosport%202.png
Somos,ES| SOMOS HDᴿᴬᵂ,https://raw.githubusercontent.com/davidmuma/picons_dobleM/master/icon/Fight%20Box.png
Somos Cine,Somos Cine,https://raw.githubusercontent.com/davidmuma/picons_dobleM/master/icon/Sport%20TV%20%2B.png
Sony One Éxitos,Sony One Éxitos,https://raw.githubusercontent.com/davidmuma/picons_dobleM/master/icon/Sport%20TV%201.png
Sony One Hits Acción,Sony One Hits Acción,https://raw.githubusercontent.com/davidmuma/picons_dobleM/master/icon/Sport%20TV%202.png
Sony One Hits Comedia,Sony One Hits Comedia,https://raw.githubusercontent.com/davidmuma/picons_dobleM/master/icon/Sport%20TV%203.png
Sony One Series Comedia,Sony One Series Comedia,https://raw.githubusercontent.com/davidmuma/picons_dobleM/master/icon/Sport%20TV%204.png
Sony One Series Thriller,Sony One Series Thriller,https://raw.githubusercontent.com/davidmuma/picons_dobleM/master/icon/Sport%20TV%205.png
Sony One Shark Tank,Sony One Shark Tank,https://raw.githubusercontent.com/davidmuma/picons_dobleM/master/icon/Sport%20TV%206.png
Sony One The Blacklist,Sony One The Blacklist,"https://mage.stream.nos.pt/mage/v1/Images?sourceUri=http%3A%2F%2Fvip.repositories.local.internal%2FRepositories.EPG%2FOttChannelIcons%2FSPTV_7HD.png&amp,profile=ott_16_220x64&amp,client_id=xe1dgrShwdR1DVOKGmsj8Ut4QLlGyOFI&amp,format=image/png"
Squirrel TV,ES| SQUIRREL HDᴿᴬᵂ,https://raw.githubusercontent.com/davidmuma/picons_dobleM/master/icon/Sporting%20TV.png
STAR Channel HD,ES| STAR CHANNELᴿᴬᵂ,https://raw.githubusercontent.com/davidmuma/picons_dobleM/master/icon/TRT%20T%C3%BCrk.png
Star TVE HD,Star TVE,https://raw.githubusercontent.com/davidmuma/picons_dobleM/master/icon/Rally%20TV.png
Sundance TV,ES| SUNDANCE TV HDᴿᴬᵂ,https://www.sky.de/static/img/senderlogos_dark/659_sky_logo_dazn1-hd_tvguide.png
Surf Channel,ES| SURF HDᴿᴬᵂ,https://www.sky.de/static/img/senderlogos_dark/900_sky_logo_dazn2-hd_tvguide.png
SX3,SX3,https://www.sky.de/static/img/senderlogos_dark/492_sky_logo_skysportaustria-hd_tvguide.png
SX3 Catalunya,SX3 Catalunya,https://www.sky.de/static/img/senderlogos_dark/729_sky_logo_skysportaustria_2-hd_tvguide.png
SyFy HD,ES| SYFY FHDᴿᴬᵂ,https://www.sky.de/static/img/senderlogos_dark/730_sky_logo_skysportaustria_3-hd_tvguide.png
TAC12,TAC12,https://www.sky.de/static/img/senderlogos_dark/898_sky_logo_skysportaustria_4-hd_tvguide.png
TCM HD,ES| TCM HDᴿᴬᵂ,
Tele Elx,Tele Elx,
Telecinco HD,ES| TELECINCOᴿᴬᵂ,
Teledeporte,ES| TELEDEPORTEᴿᴬᵂ,
Telemadrid,ES| TELEMADRIDᴿᴬᵂ,http://ngiss.t-online.de/cm1s/media/cf416cc96a575e40e35f43c05d829efdb176bc35.png
Telemadrid Internacional,ES| TELEMADRID INT.ᴿᴬᵂ,http://ngiss.t-online.de/cm1s/media/e19130e25f23d70df7f85807c6ddc1c8d62109f5.png
Telesur HD,Telesur,http://ngiss.t-online.de/cm1s/media/9837608c7cfa66c854354b00e53992f6861bcd1a.png
TELEVIGO,TELEVIGO,http://ngiss.t-online.de/cm1s/media/2f0ff7b44c615c4de521878f52a67bc204e90ccc.png
Televisió de Badalona,Televisió de Badalona,http://ngiss.t-online.de/cm1s/media/168b11e1cd29dad018263863ebd1ba3085694b39.png
Televisió de l'Hospitalet,Televisió de l'Hospitalet,http://ngiss.t-online.de/cm1s/media/8421f189118991ab7b5d1bb1a749cf8eca1b0501.png
Ten,ES| TEN FHDᴿᴬᵂ,http://ngiss.t-online.de/cm1s/media/fd01d35d5c28a955c3e7e62a65d1018feb3b8317.png
Tennis Channel,Tennis Channel,http://ngiss.t-online.de/cm1s/media/c6e18e3771201a6b8ff041c2836eb241497af0ea.png
Tennis+,Tennis+,http://ngiss.t-online.de/cm1s/media/a208c66966241315ecf746853baca8b3d5ca5ab5.png
Thrillers (Rakuten TV),Thrillers (Rakuten TV),http://ngiss.t-online.de/cm1s/media/78c2b996afeb3ce1579cf2b322ee15216020b0b6.png
tlnovelas,tlnovelas,http://ngiss.t-online.de/cm1s/media/2e93193d3564e9ceba2faf1a89427e489b5d981a.png
Todo Crimen (Rakuten TV),Todo Crimen (Rakuten TV),http://ngiss.t-online.de/cm1s/media/e1ea5bb2bb473472a8123ce8cc0079f60454c390.png
Toon Goggles,Toon Goggles,http://ngiss.t-online.de/cm1s/media/4b9636542ae8a6af85d6a8c9f71cf11893001dc2.jpeg
Top Barça,Top Barça,http://ngiss.t-online.de/cm1s/media/94977337f9f8820fc5258cc186f803a581286245.png
Torolé TV,Torolé TV,http://ngiss.t-online.de/cm1s/media/c106fe8ef548c796be95ef4d6e17d7718e8f765e.png
TPA Asturias,TPA Asturias,http://ngiss.t-online.de/cm1s/media/d9eaa902b52b78517f3b47ab210111b9d37a7fa7.png
TPA7 Asturias,TPA7 Asturias,http://ngiss.t-online.de/cm1s/media/ac4a4a48299d42f6ee414227a1e3e25da23a3abd.png
TPA8 Asturias,TPA8 Asturias,http://ngiss.t-online.de/cm1s/media/58639959eb7241ee5cc8dbf96122c1f73ec809a9.png
TR3CE,ES| TRECE FHDᴿᴬᵂ,http://ngiss.t-online.de/cm1s/media/1387e929a8dc564c1b47249c58db2087ae0fc93b.png
TRACE Latina,TRACE Latina,http://ngiss.t-online.de/cm1s/media/50dd32f0f42a79c4b5379b499412f381564764e3.png
TRACE Sports Stars,TRACE Sports Stars,http://ngiss.t-online.de/cm1s/media/2498751ec7f984ac0d80376e61d8322492d69b83.png
TRACE Urban,TRACE Urban,http://ngiss.t-online.de/cm1s/media/577040e2d47ce20ce71f0985bd447e2f328542fd.png
TRECE,TRECE,http://ngiss.t-online.de/cm1s/media/e05bdb7a982d1d570cf99d19ad357d5572e477eb.png
TUDN (Estados Unidos),TUDN (Estados Unidos),http://ngiss.t-online.de/cm1s/media/5e262f2be1a0530c07327d65e867d74b524fac03.png
TUDN (México),TUDN (México),http://ngiss.t-online.de/cm1s/media/7cf51fbd8edfb9a32257339ecb7ad0f8eee8b989.png
TV Berguedà,TV Berguedà,http://ngiss.t-online.de/cm1s/media/ed2e5bdbaddbfbb84f40d2980fd9bf4022a5a1b9.png
TV Canaria,ES| TV Canariaᴿᴬᵂ,http://ngiss.t-online.de/cm1s/media/2b8c1e691bf3f12b2ca1d01fe233ebf4871d8808.png
TV Chile,TV Chile,http://ngiss.t-online.de/cm1s/media/4522d64c5b2b9fd8ed24d3cd9e03d918dc32037d.png
TV Costa Brava,TV Costa Brava,http://ngiss.t-online.de/cm1s/media/315f4e1d7ae0ed6a576cc85574c6e195f2820925.png
TV Girona,TV Girona,http://ngiss.t-online.de/cm1s/media/54fdfb49171a1da7210ccf22d8f8af24934365e1.png
TV Sabadell - Vallès,TV Sabadell - Vallès,http://ngiss.t-online.de/cm1s/media/b7604a3db1310d4a4fb83fffb15debe55d41dbf7.png
TV3,ES| TV3 FHDᴿᴬᵂ,http://ngiss.t-online.de/cm1s/media/ab1f8d87c8f74b510387c81c0a89aa004006ee60.png
TV3 Catalunya,ES| TV3 CAT FHDᴿᴬᵂ,http://ngiss.t-online.de/cm1s/media/9fbf9f911b60bb7c0bbfceaf6b0506cadf63cc02.png
TV3CAT Catalunya,TV3CAT Catalunya,http://ngiss.t-online.de/cm1s/media/1f8dc21b9fce64499d61956f407ab5a72cb78ed0.png
TV5 Monde Europe HD,ES| TV5 MONDEᴿᴬᵂ,http://ngiss.t-online.de/cm1s/media/ec53727b223a2c6b129c78e2b06c7f45cce4659a.png
TVG,ES| TVG TV GALICIAᴿᴬᵂ,http://ngiss.t-online.de/cm1s/media/d997f9be46160f7c3db14cbdc3cf2b48fc6eb274.png
TVG Europa HD,ES| TVG EUROPAᴿᴬᵂ,http://ngiss.t-online.de/cm1s/media/e48399d331a672785f16f1011054a01cd52413df.png
TVG2,TVG2,http://ngiss.t-online.de/cm1s/media/d00d089e311ba581066027cff70935778efaf201.png
tvmataró,tvmataró,http://ngiss.t-online.de/cm1s/media/bfca3bcb13981de2a46b970f3167110e0f3c5a83.png
TVR Rioja,TVR Rioja,http://ngiss.t-online.de/cm1s/media/c330c871a2f15660efbf06c917fc6af8606874c7.png
TyC Sports,TyC Sports,http://ngiss.t-online.de/cm1s/media/f3093734389bd620327880348d7974ba38d4c4d3.png
UBEAT,ES| UBEATᴿᴬᵂ,http://ngiss.t-online.de/cm1s/media/c6a8dbde2b6d4afa5961586d6317f0cc86ddc6e9.png
UCL,UCL,http://ngiss.t-online.de/cm1s/media/cda082d3267802e1bd0721e6a64850b2920ac427.png
UK | Premier Sports 1,UK | Premier Sports 1,http://ngiss.t-online.de/cm1s/media/acc2e098dc86b8c85a1bbfa5f6311b5978603e1c.png
UK | Premier Sports 2,UK | Premier Sports 2,http://ngiss.t-online.de/cm1s/media/3957d066cf0f424aabd67e0d677737ff0c2b524c.png
UK | Sky Sport Action,UK | Sky Sport Action,http://ngiss.t-online.de/cm1s/media/27bc8c5ac71da92955eb4952145b305d6d1813d5.png
UK | Sky Sport Arena,UK | Sky Sport Arena,http://ngiss.t-online.de/cm1s/media/2b19683849d2f29ba98a944a4489a09625603b14.png
UK | Sky Sport Cricket,UK | Sky Sport Cricket,http://ngiss.t-online.de/cm1s/media/25751836767f9282d88d99e61c38a1529b0616d3.png
UK | Sky Sport F1,UK | Sky Sport F1,https://raw.githubusercontent.com/davidmuma/picons_dobleM/master/icon/Onetoro.png
UK | Sky Sport Football,UK | Sky Sport Football,https://alacantitv.com/wp-content/uploads/2024/03/logo-alacantitv-programacion.jpg
UK | Sky Sport Golf,UK | Sky Sport Golf,https://raw.githubusercontent.com/davidmuma/picons_dobleM/master/icon/Onda%20C%C3%A1diz%20TV.png
UK | Sky Sport Main Event,UK | Sky Sport Main Event,https://raw.githubusercontent.com/davidmuma/picons_dobleM/master/icon/TVR%20Rioja.png
UK | Sky Sport Mix,UK | Sky Sport Mix,https://populartvcantabria.com/wp-content/uploads/2022/10/cropped-logo-popular-horizontal-300x125.png
UK | Sky Sport News,UK | Sky Sport News,https://www.interalmeria.tv/wp-content/uploads/2019/01/iatv-mosca.png?x96146
UK | Sky Sport Premier League,UK | Sky Sport Premier League,https://huelvatv.com/wp-content/uploads/2024/11/70_Huelva_TV_Logotipo_AZUL.png
UK | Sky Sport Racing,UK | Sky Sport Racing,https://elche7tv.es/wp-content/uploads/2023/08/Web-Retina-Logo-Upload-544-%C3%97-180-px.png
UK | Sky Sport Tennis,UK | Sky Sport Tennis,https://upload.wikimedia.org/wikipedia/commons/thumb/f/fb/Play_Melilla.svg/512px-Play_Melilla.svg.png
UK | TNT Sports 1,UK | TNT Sports 1,https://raw.githubusercontent.com/davidmuma/picons_dobleM/master/icon/Premier%20Sports%201.png
UK | TNT Sports 2,UK | TNT Sports 2,https://raw.githubusercontent.com/davidmuma/picons_dobleM/master/icon/Premier%20Sports%202.png
UK | TNT Sports 3,UK | TNT Sports 3,https://raw.githubusercontent.com/davidmuma/picons_dobleM/master/icon/Sky%20Sport%20Main%20Event.png
UK | TNT Sports 4,UK | TNT Sports 4,https://raw.githubusercontent.com/davidmuma/picons_dobleM/master/icon/Sky%20Sport%20Premier%20League.png
UK | TNT Sports Ultimate,UK | TNT Sports Ultimate,https://raw.githubusercontent.com/davidmuma/picons_dobleM/master/icon/Sky%20Sport%20Football.png
Unbeaten,Unbeaten,https://raw.githubusercontent.com/davidmuma/picons_dobleM/master/icon/Sky%20Sport%20Cricket.png
Vallès Visió,Vallès Visió,https://raw.githubusercontent.com/davidmuma/picons_dobleM/master/icon/Sky%20Sport%20Golf.png
Vamos BAR,Vamos BAR,https://raw.githubusercontent.com/davidmuma/picons_dobleM/master/icon/Sky%20Sport%20F1.png
Vamos BAR 2,Vamos BAR 2,https://raw.githubusercontent.com/davidmuma/picons_dobleM/master/icon/Sky%20Sport%20Action.png
VE PLUS TV,VE PLUS TV,https://raw.githubusercontent.com/davidmuma/picons_dobleM/master/icon/Sky%20Sport%20Arena.png
Veo7,ES| VEO 7ᴿᴬᵂ,https://raw.githubusercontent.com/davidmuma/picons_dobleM/master/icon/Sky%20Sport%20News.png
VinTV,VinTV,https://raw.githubusercontent.com/davidmuma/picons_dobleM/master/icon/Sky%20Sport%20Mix.png
VINX,VINX,https://raw.githubusercontent.com/davidmuma/picons_dobleM/master/icon/Sky%20Sport%20Racing.png
Vivid TV,Vivid TV,https://raw.githubusercontent.com/davidmuma/picons_dobleM/master/icon/Sky%20Sport%20Tennis.png
Vivir con gatos,Vivir con gatos,https://raw.githubusercontent.com/davidmuma/picons_dobleM/master/icon/TNT%20Sports%201.png
Vivir con perros,Vivir con perros,https://raw.githubusercontent.com/davidmuma/picons_dobleM/master/icon/TNT%20Sports%202.png
VOTV,VOTV,https://raw.githubusercontent.com/davidmuma/picons_dobleM/master/icon/TNT%20Sports%203.png
Warner TV HD,ES| WARNER TVᴿᴬᵂ,https://raw.githubusercontent.com/davidmuma/picons_dobleM/master/icon/TNT%20Sports%204.png
XTRM,ES| XTRM HDᴿᴬᵂ,https://raw.githubusercontent.com/davidm
