# Fuente: https://epg.ovh/pl.xml
TVP 1,TVP 1,http://epg.ovh/logo/TVP+1.png
TVP 2,TVP 2,http://epg.ovh/logo/TVP+2.png
Polsat,Polsat,http://epg.ovh/logo/Polsat.png
TV 4,TV 4,http://epg.ovh/logo/TV+4.png
Tele 5,Tele 5,http://epg.ovh/logo/Tele+5.png
TV 6,TV 6,http://epg.ovh/logo/TV+6.png
TVN 7,TVN 7,http://epg.ovh/logo/TVN+7.png
TVN,TVN,http://epg.ovh/logo/TVN.png
TV Puls,TV Puls,http://epg.ovh/logo/TV+Puls.png
Puls 2,Puls 2,http://epg.ovh/logo/Puls+2.png
TTV,TTV,http://epg.ovh/logo/TTV.png
Fokus TV,Fokus TV,http://epg.ovh/logo/Fokus+TV.png
HGTV,HGTV,http://epg.ovh/logo/HGTV.png
TVP 4K,TVP 4K,http://epg.ovh/logo/TVP+4K.png
TVP HD,TVP HD,http://epg.ovh/logo/TVP+HD.png
Alfa TVP,Alfa TVP,http://epg.ovh/logo/Alfa+TVP.png
TVP Seriale,TVP Seriale,http://epg.ovh/logo/TVP+Seriale.png
TVP Rozrywka,TVP Rozrywka,http://epg.ovh/logo/TVP+Rozrywka.png
TVP Dokument,TVP Dokument,http://epg.ovh/logo/TVP+Dokument.png
TVP Nauka,TVP Nauka,http://epg.ovh/logo/TVP+Nauka.png
TVP Historia,TVP Historia,http://epg.ovh/logo/TVP+Historia.png
TVP Historia 2,TVP Historia 2,http://epg.ovh/logo/TVP+Historia+2.png
TVP Kultura,TVP Kultura,http://epg.ovh/logo/TVP+Kultura.png
TVP Kultura 2,TVP Kultura 2,http://epg.ovh/logo/TVP+Kultura+2.png
TVP Polonia,TVP Polonia,http://epg.ovh/logo/TVP+Polonia.png
Super Polsat,Super Polsat,http://epg.ovh/logo/Super+Polsat.png
Polsat 1,Polsat 1,http://epg.ovh/logo/Polsat+1.png
Polsat 2,Polsat 2,http://epg.ovh/logo/Polsat+2.png
Polsat Games,Polsat Games,http://epg.ovh/logo/Polsat+Games.png
METRO,METRO,http://epg.ovh/logo/METRO.png
NOWA TV,NOWA TV,http://epg.ovh/logo/NOWA+TV.png
ZOOM TV,ZOOM TV,http://epg.ovh/logo/ZOOM+TV.png
WP,WP,http://epg.ovh/logo/WP.png
TVS,TVS,http://epg.ovh/logo/TVS.png
HOME TV,HOME TV,http://epg.ovh/logo/HOME+TV.png
TVC,TVC,http://epg.ovh/logo/TVC.png
TBN Polska,TBN Polska,http://epg.ovh/logo/TBN+Polska.png
Polonia 1,Polonia 1,http://epg.ovh/logo/Polonia+1.png
Antena,Antena,http://epg.ovh/logo/Antena.png
13TV HD,13TV HD,http://epg.ovh/logo/13TV+HD.png
BBC First,BBC First,http://epg.ovh/logo/BBC+First.png
FX,FX,http://epg.ovh/logo/FX.png
Comedy Central,Comedy Central,http://epg.ovh/logo/Comedy+Central.png
Polsat Comedy Central Extra,Polsat Comedy Central Extra,http://epg.ovh/logo/Polsat+Comedy+Central+Extra.png
FX Comedy,FX Comedy,http://epg.ovh/logo/FX+Comedy.png
Canal+ 1,Canal+ 1,http://epg.ovh/logo/Canal%2b+1.png
Canal+ Premium,Canal+ Premium,http://epg.ovh/logo/Canal%2b+Premium.png
Canal+ Film,Canal+ Film,http://epg.ovh/logo/Canal%2b+Film.png
Canal+ Family,Canal+ Family,http://epg.ovh/logo/Canal%2b+Family.png
Canal+ Seriale,Canal+ Seriale,http://epg.ovh/logo/Canal%2b+Seriale.png
Canal+ 4K Ultra HD,Canal+ 4K Ultra HD,http://epg.ovh/logo/Canal%2b+4K+Ultra+HD.png
HBO,HBO,http://epg.ovh/logo/HBO.png
HBO 2,HBO 2,http://epg.ovh/logo/HBO+2.png
HBO 3,HBO 3,http://epg.ovh/logo/HBO+3.png
Cinemax,Cinemax,http://epg.ovh/logo/Cinemax.png
Cinemax 2,Cinemax 2,http://epg.ovh/logo/Cinemax+2.png
Polsat Film,Polsat Film,http://epg.ovh/logo/Polsat+Film.png
TVN Fabuła,TVN Fabuła,http://epg.ovh/logo/TVN+Fabu%c5%82a.png
Kino Polska,Kino Polska,http://epg.ovh/logo/Kino+Polska.png
Paramount Channel,Paramount Channel,http://epg.ovh/logo/Paramount+Channel.png
AMC,AMC,http://epg.ovh/logo/AMC.png
Warner TV,Warner TV,http://epg.ovh/logo/Warner+TV.png
Ale Kino+,Ale Kino+,http://epg.ovh/logo/Ale+Kino%2b.png
Stopklatka TV,Stopklatka TV,http://epg.ovh/logo/Stopklatka+TV.png
Sundance TV,Sundance TV,http://epg.ovh/logo/Sundance+TV.png
SCI FI,SCI FI,http://epg.ovh/logo/SCI+FI.png
13 Ulica,13 Ulica,http://epg.ovh/logo/13+Ulica.png
CBS Europa,CBS Europa,http://epg.ovh/logo/CBS+Europa.png
CBS Action,CBS Action,http://epg.ovh/logo/CBS+Action.png
AXN,AXN,http://epg.ovh/logo/AXN.png
AXN Black,AXN Black,http://epg.ovh/logo/AXN+Black.png
AXN Spin,AXN Spin,http://epg.ovh/logo/AXN+Spin.png
AXN White,AXN White,http://epg.ovh/logo/AXN+White.png
Kino TV,Kino TV,http://epg.ovh/logo/Kino+TV.png
FilmBox Action,FilmBox Action,http://epg.ovh/logo/FilmBox+Action.png
Filmbox Arthouse,Filmbox Arthouse,http://epg.ovh/logo/Filmbox+Arthouse.png
Filmbox Extra HD,Filmbox Extra HD,http://epg.ovh/logo/Filmbox+Extra+HD.png
Filmbox Family,Filmbox Family,http://epg.ovh/logo/Filmbox+Family.png
Filmbox Premium HD,Filmbox Premium HD,http://epg.ovh/logo/Filmbox+Premium+HD.png
NOVELA TV,NOVELA TV,http://epg.ovh/logo/NOVELA+TV.png
Polsat Seriale,Polsat Seriale,http://epg.ovh/logo/Polsat+Seriale.png
POLSAT ROMANS,POLSAT ROMANS,http://epg.ovh/logo/POLSAT+ROMANS.png
ROMANCE TV,ROMANCE TV,http://epg.ovh/logo/ROMANCE+TV.png
Epic Drama,Epic Drama,http://epg.ovh/logo/Epic+Drama.png
Novelas+,Novelas+,http://epg.ovh/logo/Novelas%2b.png
FILMAX,FILMAX,http://epg.ovh/logo/FILMAX.png
Bollywood HD,Bollywood HD,http://epg.ovh/logo/Bollywood+HD.png
Eurochannel HD,Eurochannel HD,http://epg.ovh/logo/Eurochannel+HD.png
Novelas+1,Novelas+1,http://epg.ovh/logo/Novelas%2b1.png
Grjngo Westerny,Grjngo Westerny,http://epg.ovh/logo/Grjngo+Westerny.png
BjgTjme,BjgTjme,http://epg.ovh/logo/BjgTjme.png
Top Movies Polska,Top Movies Polska,http://epg.ovh/logo/Top+Movies+Polska.png
Rakuten TV,Rakuten TV,http://epg.ovh/logo/Rakuten+TV.png
Moconomy,Moconomy,http://epg.ovh/logo/Moconomy.png
Royalworld,Royalworld,http://epg.ovh/logo/Royalworld.png
Car City Adventures,Car City Adventures,http://epg.ovh/logo/Car+City+Adventures.png
Viasat Explore Classic,Viasat Explore Classic,http://epg.ovh/logo/Viasat+Explore+Classic.png
Dla Ciebie TV,Dla Ciebie TV,http://epg.ovh/logo/Dla+Ciebie+TV.png
ViDoc TV,ViDoc TV,http://epg.ovh/logo/ViDoc+TV.png
ViDocTV 4К,ViDocTV 4К,http://epg.ovh/logo/ViDocTV+4%d0%9a.png
Viasat True Crime,Viasat True Crime,http://epg.ovh/logo/Viasat+True+Crime.png
Skyshowtime 1,Skyshowtime 1,http://epg.ovh/logo/Skyshowtime+1.png
Skyshowtime 2,Skyshowtime 2,http://epg.ovh/logo/Skyshowtime+2.png
Euronews Polska,Euronews Polska,http://epg.ovh/logo/Euronews+Polska.png
Filmy I Reality HD,Filmy I Reality HD,http://epg.ovh/logo/Filmy+I+Reality+HD.png
History 2,History 2,http://epg.ovh/logo/History+2.png
HISTORY,HISTORY,http://epg.ovh/logo/HISTORY.png
Discovery Channel,Discovery Channel,http://epg.ovh/logo/Discovery+Channel.png
Discovery Science,Discovery Science,http://epg.ovh/logo/Discovery+Science.png
Discovery Historia,Discovery Historia,http://epg.ovh/logo/Discovery+Historia.png
DTX,DTX,http://epg.ovh/logo/DTX.png
BBC Brit,BBC Brit,http://epg.ovh/logo/BBC+Brit.png
BBC Earth,BBC Earth,http://epg.ovh/logo/BBC+Earth.png
TVN Turbo,TVN Turbo,http://epg.ovh/logo/TVN+Turbo.png
Motowizja,Motowizja,http://epg.ovh/logo/Motowizja.png
Planete+,Planete+,http://epg.ovh/logo/Planete%2b.png
Polsat Play,Polsat Play,http://epg.ovh/logo/Polsat+Play.png
Polsat Doku,Polsat Doku,http://epg.ovh/logo/Polsat+Doku.png
Canal+ Dokument,Canal+ Dokument,http://epg.ovh/logo/Canal%2b+Dokument.png
DOCUBOX,DOCUBOX,http://epg.ovh/logo/DOCUBOX.png
ID,ID,http://epg.ovh/logo/ID.png
CI Polsat,CI Polsat,http://epg.ovh/logo/CI+Polsat.png
National Geographic Channel,National Geographic Channel,http://epg.ovh/logo/National+Geographic+Channel.png
Nat Geo People,Nat Geo People,http://epg.ovh/logo/Nat+Geo+People.png
National Geographic Wild,National Geographic Wild,http://epg.ovh/logo/National+Geographic+Wild.png
POLSAT Viasat Explore,POLSAT Viasat Explore,http://epg.ovh/logo/POLSAT+Viasat+Explore.png
Polsat Viasat History,Polsat Viasat History,http://epg.ovh/logo/Polsat+Viasat+History.png
Polsat Viasat Nature,Polsat Viasat Nature,http://epg.ovh/logo/Polsat+Viasat+Nature.png
Animal Planet,Animal Planet,http://epg.ovh/logo/Animal+Planet.png
Love Nature 4K,Love Nature 4K,http://epg.ovh/logo/Love+Nature+4K.png
NASA TV,NASA TV,http://epg.ovh/logo/NASA+TV.png
NASA UHD,NASA UHD,http://epg.ovh/logo/NASA+UHD.png
InUltra,InUltra,http://epg.ovh/logo/InUltra.png
Museum UHD,Museum UHD,http://epg.ovh/logo/Museum+UHD.png
Discovery Ultra 4K,Discovery Ultra 4K,http://epg.ovh/logo/Discovery+Ultra+4K.png
Active Family,Active Family,http://epg.ovh/logo/Active+Family.png
Adventure,Adventure,http://epg.ovh/logo/Adventure.png
Discovery Life,Discovery Life,http://epg.ovh/logo/Discovery+Life.png
BBC Lifestyle,BBC Lifestyle,http://epg.ovh/logo/BBC+Lifestyle.png
Lifetime,Lifetime,http://epg.ovh/logo/Lifetime.png
StudioMed TV,StudioMed TV,http://epg.ovh/logo/StudioMed+TV.png
TVN Style,TVN Style,http://epg.ovh/logo/TVN+Style.png
Polsat Café,Polsat Café,http://epg.ovh/logo/Polsat+Caf%c3%a9.png
Polsat Rodzina,Polsat Rodzina,http://epg.ovh/logo/Polsat+Rodzina.png
Show TV,Show TV,http://epg.ovh/logo/Show+TV.png
Red Carpet TV International,Red Carpet TV International,http://epg.ovh/logo/Red+Carpet+TV+International.png
ViDoc TV1,ViDoc TV1,http://epg.ovh/logo/ViDoc+TV1.png
Love,Love,http://epg.ovh/logo/Love.png
Travel Channel,Travel Channel,http://epg.ovh/logo/Travel+Channel.png
 TravelXP.eu, TravelXP.eu,http://epg.ovh/logo/+TravelXP.eu.png
Travel XP,Travel XP,http://epg.ovh/logo/Travel+XP.png
Travelxp 4K,Travelxp 4K,http://epg.ovh/logo/Travelxp+4K.png
TLC,TLC,http://epg.ovh/logo/TLC.png
Super TV,Super TV,http://epg.ovh/logo/Super+TV.png
TV OKAZJE,TV OKAZJE,http://epg.ovh/logo/TV+OKAZJE.png
Food Network,Food Network,http://epg.ovh/logo/Food+Network.png
Canal+ Kuchnia,Canal+ Kuchnia,http://epg.ovh/logo/Canal%2b+Kuchnia.png
Canal+ Domo,Canal+ Domo,http://epg.ovh/logo/Canal%2b+Domo.png
WATER PLANET,WATER PLANET,http://epg.ovh/logo/WATER+PLANET.png
Fashion TV,Fashion TV,http://epg.ovh/logo/Fashion+TV.png
FTV UHD,FTV UHD,http://epg.ovh/logo/FTV+UHD.png
FashionBox,FashionBox,http://epg.ovh/logo/FashionBox.png
E! Entertainment,E! Entertainment,http://epg.ovh/logo/E!+Entertainment.png
MYZEN.TV,MYZEN.TV,http://epg.ovh/logo/MYZEN.TV.png
TVP Kobieta,TVP Kobieta,http://epg.ovh/logo/TVP+Kobieta.png
Da Vinci Learning,Da Vinci Learning,http://epg.ovh/logo/Da+Vinci+Learning.png
Cartoon Network,Cartoon Network,http://epg.ovh/logo/Cartoon+Network.png
CARTOONITO,CARTOONITO,http://epg.ovh/logo/CARTOONITO.png
TeenNick,TeenNick,http://epg.ovh/logo/TeenNick.png
Nickelodeon,Nickelodeon,http://epg.ovh/logo/Nickelodeon.png
Nicktoons,Nicktoons,http://epg.ovh/logo/Nicktoons.png
Nick Jr.,Nick Jr.,http://epg.ovh/logo/Nick+Jr..png
Disney Channel,Disney Channel,http://epg.ovh/logo/Disney+Channel.png
Disney Junior,Disney Junior,http://epg.ovh/logo/Disney+Junior.png
Disney XD,Disney XD,http://epg.ovh/logo/Disney+XD.png
BBC CBeebies,BBC CBeebies,http://epg.ovh/logo/BBC+CBeebies.png
Teletoon,Teletoon,http://epg.ovh/logo/Teletoon.png
Minimini+,Minimini+,http://epg.ovh/logo/Minimini%2b.png
Polsat JimJam,Polsat JimJam,http://epg.ovh/logo/Polsat+JimJam.png
TOP KIDS,TOP KIDS,http://epg.ovh/logo/TOP+KIDS.png
TOP KIDS JR,TOP KIDS JR,http://epg.ovh/logo/TOP+KIDS+JR.png
Baby TV,Baby TV,http://epg.ovh/logo/Baby+TV.png
Duck TV,Duck TV,http://epg.ovh/logo/Duck+TV.png
DuckTV Plus,DuckTV Plus,http://epg.ovh/logo/DuckTV+Plus.png
TVP ABC,TVP ABC,http://epg.ovh/logo/TVP+ABC.png
TVP ABC 2,TVP ABC 2,http://epg.ovh/logo/TVP+ABC+2.png
Junior Channel,Junior Channel,http://epg.ovh/logo/Junior+Channel.png
TVP 3,TVP 3,http://epg.ovh/logo/TVP+3.png
TVP 3 Warszawa,TVP 3 Warszawa,http://epg.ovh/logo/TVP+3+Warszawa.png
TVP 3 Białystok,TVP 3 Białystok,http://epg.ovh/logo/TVP+3+Bia%c5%82ystok.png
TVP 3 Kraków,TVP 3 Kraków,http://epg.ovh/logo/TVP+3+Krak%c3%b3w.png
TVP 3 Katowice,TVP 3 Katowice,http://epg.ovh/logo/TVP+3+Katowice.png
TVP 3 Szczecin,TVP 3 Szczecin,http://epg.ovh/logo/TVP+3+Szczecin.png
TVP 3 Gdańsk,TVP 3 Gdańsk,http://epg.ovh/logo/TVP+3+Gda%c5%84sk.png
TVP 3 Bydgoszcz,TVP 3 Bydgoszcz,http://epg.ovh/logo/TVP+3+Bydgoszcz.png
TVP 3 Lublin,TVP 3 Lublin,http://epg.ovh/logo/TVP+3+Lublin.png
TVP 3 Łódź,TVP 3 Łódź,http://epg.ovh/logo/TVP+3+%c5%81%c3%b3d%c5%ba.png
TVP 3 Poznań,TVP 3 Poznań,http://epg.ovh/logo/TVP+3+Pozna%c5%84.png
TVP 3 Rzeszow,TVP 3 Rzeszow,http://epg.ovh/logo/TVP+3+Rzeszow.png
TVP 3 Wrocław,TVP 3 Wrocław,http://epg.ovh/logo/TVP+3+Wroc%c5%82aw.png
TVP 3 Kielce,TVP 3 Kielce,http://epg.ovh/logo/TVP+3+Kielce.png
TVP 3 Olsztyn,TVP 3 Olsztyn,http://epg.ovh/logo/TVP+3+Olsztyn.png
TVP 3 Gorzow Wielkopolski,TVP 3 Gorzow Wielkopolski,http://epg.ovh/logo/TVP+3+Gorzow+Wielkopolski.png
TVP 3 Opole,TVP 3 Opole,http://epg.ovh/logo/TVP+3+Opole.png
TVP Wilno,TVP Wilno,http://epg.ovh/logo/TVP+Wilno.png
Belsat TV,Belsat TV,http://epg.ovh/logo/Belsat+TV.png
tvregionalna.pl,tvregionalna.pl,http://epg.ovh/logo/tvregionalna.pl.png
TV Regionalna,TV Regionalna,http://epg.ovh/logo/TV+Regionalna.png
TV Regio,TV Regio,http://epg.ovh/logo/TV+Regio.png
Toya,Toya,http://epg.ovh/logo/Toya.png
TVT,TVT,http://epg.ovh/logo/TVT.png
TV ASTA,TV ASTA,http://epg.ovh/logo/TV+ASTA.png
ProArt,ProArt,http://epg.ovh/logo/ProArt.png
TV TORUŃ,TV TORUŃ,http://epg.ovh/logo/TV+TORU%c5%83.png
SFERA TV,SFERA TV,http://epg.ovh/logo/SFERA+TV.png
ZTV Zachodniopomorska,ZTV Zachodniopomorska,http://epg.ovh/logo/ZTV+Zachodniopomorska.png
TV KUJAWY,TV Kujawy,http://epg.ovh/logo/TV+KUJAWY.png
TV ZGORZELEC,TV ZGORZELEC,http://epg.ovh/logo/TV+ZGORZELEC.png
FMT,FMT,http://epg.ovh/logo/FMT.png
Truso TV,Truso TV,http://epg.ovh/logo/Truso+TV.png
Telewizja Pogranicze HD,Telewizja Pogranicze HD,http://epg.ovh/logo/Telewizja+Pogranicze+HD.png
DLACIEBIE TV,DLACIEBIE TV,http://epg.ovh/logo/DLACIEBIE+TV.png
TV echo 24,TV echo 24,http://epg.ovh/logo/TV+echo+24.png
TV Jaslo,TV Jaslo,http://epg.ovh/logo/TV+Jaslo.png
EWTN Polska,EWTN Polska,http://epg.ovh/logo/EWTN+Polska.png
WTK,WTK,http://epg.ovh/logo/WTK.png
Nova,Nova,http://epg.ovh/logo/Nova.png
TV RELAX,TV RELAX,http://epg.ovh/logo/TV+RELAX.png
DAMI TV,DAMI TV,http://epg.ovh/logo/DAMI+TV.png
NEW TV,NEW TV,http://epg.ovh/logo/NEW+TV.png
Deluxe Dance,Deluxe Dance,http://epg.ovh/logo/Deluxe+Dance.png
Music Box Classic,Music Box Classic,http://epg.ovh/logo/Music+Box+Classic.png
Music+ HD,Music+ HD,http://epg.ovh/logo/Music%2b+HD.png
DeeJay HD,DeeJay HD,http://epg.ovh/logo/DeeJay+HD.png
Schlager Deluxe,Schlager Deluxe,http://epg.ovh/logo/Schlager+Deluxe.png
Deutsches Musik Fernsehen,Deutsches Musik Fernsehen,http://epg.ovh/logo/Deutsches+Musik+Fernsehen.png
Qwest TV,Qwest TV,http://epg.ovh/logo/Qwest+TV.png
NOW Rock,NOW Rock,http://epg.ovh/logo/NOW+Rock.png
Radio Ibiza TV,Radio Ibiza TV,http://epg.ovh/logo/Radio+Ibiza+TV.png
Clubbing TV 1,Clubbing TV 1,http://epg.ovh/logo/Clubbing+TV+1.png
Dance Trippin TV,Dance Trippin TV,http://epg.ovh/logo/Dance+Trippin+TV.png
Nuta Gold,Nuta Gold,http://epg.ovh/logo/Nuta+Gold.png
MixTape HD,MixTape HD,http://epg.ovh/logo/MixTape+HD.png
Ultra TV,Ultra TV,http://epg.ovh/logo/Ultra+TV.png
VIVA Polska,VIVA Polska,http://epg.ovh/logo/VIVA+Polska.png
Deluxe Music HD,Deluxe Music HD,http://epg.ovh/logo/Deluxe+Music+HD.png
First Music Channel HD,First Music Channel HD,http://epg.ovh/logo/First+Music+Channel+HD.png
EU Music HD,EU Music HD,http://epg.ovh/logo/EU+Music+HD.png
360 TUNEBOX,360 TUNEBOX,http://epg.ovh/logo/360+TUNEBOX.png
4ever music HD,4ever music HD,http://epg.ovh/logo/4ever+music+HD.png
Stingray CMusic,Stingray CMusic,http://epg.ovh/logo/Stingray+CMusic.png
Stingray iConcerts,Stingray iConcerts,http://epg.ovh/logo/Stingray+iConcerts.png
Stingray Classica,Stingray Classica,http://epg.ovh/logo/Stingray+Classica.png
Stingray Djazz,Stingray Djazz,http://epg.ovh/logo/Stingray+Djazz.png
Stingray Festival 4K,Stingray Festival 4K,http://epg.ovh/logo/Stingray+Festival+4K.png
MUSIC BOX,MUSIC BOX,http://epg.ovh/logo/MUSIC+BOX.png
MEZZO LIVE,MEZZO LIVE,http://epg.ovh/logo/MEZZO+LIVE.png
MEZZO,MEZZO,http://epg.ovh/logo/MEZZO.png
Jazz HD,Jazz HD,http://epg.ovh/logo/Jazz+HD.png
TWOJA TV,TWOJA TV,http://epg.ovh/logo/TWOJA+TV.png
Opoka TV,Opoka TV HD,http://epg.ovh/logo/Opoka+TV.png
Trace Urban,Trace Urban,http://epg.ovh/logo/Trace+Urban.png
POWER TV,POWER TV,http://epg.ovh/logo/POWER+TV.png
Nuta TV,Nuta TV,http://epg.ovh/logo/Nuta+TV.png
Stars TV,Stars TV,http://epg.ovh/logo/Stars+TV.png
Vox Music TV,Vox Music TV,http://epg.ovh/logo/Vox+Music+TV.png
GOLD TV,GOLD TV,http://epg.ovh/logo/GOLD+TV.png
Polo TV,Polo TV,http://epg.ovh/logo/Polo+TV.png
Polsat Music,Polsat Music,http://epg.ovh/logo/Polsat+Music.png
Disco Polo Music,Disco Polo Music,http://epg.ovh/logo/Disco+Polo+Music.png
Kino Polska Muzyka,Kino Polska Muzyka,http://epg.ovh/logo/Kino+Polska+Muzyka.png
NICKMUSIC,NICKMUSIC,http://epg.ovh/logo/NICKMUSIC.png
MTV Germany,MTV Germany,http://epg.ovh/logo/MTV+Germany.png
MTV Polska,MTV Polska,http://epg.ovh/logo/MTV+Polska.png
Eska Rock TV,Eska Rock TV,http://epg.ovh/logo/Eska+Rock+TV.png
Eska TV Extra,Eska TV Extra,http://epg.ovh/logo/Eska+TV+Extra.png
Eska TV,Eska TV,http://epg.ovh/logo/Eska+TV.png
4FUN KIDS,4FUN KIDS,http://epg.ovh/logo/4FUN+KIDS.png
4FUN DANCE,4FUN DANCE,http://epg.ovh/logo/4FUN+DANCE.png
4FUN TV,4FUN TV,http://epg.ovh/logo/4FUN+TV.png
NFL Network,NFL Network,http://epg.ovh/logo/NFL+Network.png
ESPN,ESPN,http://epg.ovh/logo/ESPN.png
ESPN 2,ESPN 2,http://epg.ovh/logo/ESPN+2.png
ESPNU,ESPNU,http://epg.ovh/logo/ESPNU.png
FS1,FS1,http://epg.ovh/logo/FS1.png
FS2,FS2,http://epg.ovh/logo/FS2.png
TSN 1,TSN 1,http://epg.ovh/logo/TSN+1.png
TSN 2,TSN 2,http://epg.ovh/logo/TSN+2.png
TSN 3,TSN 3,http://epg.ovh/logo/TSN+3.png
TSN 4,TSN 4,http://epg.ovh/logo/TSN+4.png
TSN 5,TSN 5,http://epg.ovh/logo/TSN+5.png
TSN 4K,TSN 4K,http://epg.ovh/logo/TSN+4K.png
Sport1+,Sport1+,http://epg.ovh/logo/Sport1%2b.png
VOD Cyfrowy Polsat,VOD Cyfrowy Polsat,http://epg.ovh/logo/VOD+Cyfrowy+Polsat.png
Polsat GO PPV,Polsat GO PPV,http://epg.ovh/logo/Polsat+GO+PPV.png
PPV Stream,PPV Stream,http://epg.ovh/logo/PPV+Stream.png
PlayLive PPV Platform,PlayLive PPV Platform,http://epg.ovh/logo/PlayLive+PPV+Platform.png
PPV,PPV,http://epg.ovh/logo/PPV.png
Outdoor TV,Outdoor TV,http://epg.ovh/logo/Outdoor+TV.png
Xtreme TV,Xtreme TV,http://epg.ovh/logo/Xtreme+TV.png
Sportowa.TV,Sportowa.TV,http://epg.ovh/logo/Sportowa.TV.png
Polska Liga Esportowa,Polska Liga Esportowa,http://epg.ovh/logo/Polska+Liga+Esportowa.png
Tennis Channel,Tennis Channel,http://epg.ovh/logo/Tennis+Channel.png
DAZN 1,DAZN 1,http://epg.ovh/logo/DAZN+1.png
DAZN 2,DAZN 2,http://epg.ovh/logo/DAZN+2.png
DAZN Fast,DAZN Fast,http://epg.ovh/logo/DAZN+Fast.png
DAZN Rise,DAZN Rise,http://epg.ovh/logo/DAZN+Rise.png
Sky Budesliga 2,Sky Budesliga 2,http://epg.ovh/logo/Sky+Budesliga+2.png
Sky Sport 1,Sky Sport 1,http://epg.ovh/logo/Sky+Sport+1.png
Sky Sport 2,Sky Sport 2,http://epg.ovh/logo/Sky+Sport+2.png
UFC TV HD,UFC TV HD,http://epg.ovh/logo/UFC+TV+HD.png
Prime MMA,Prime MMA,http://epg.ovh/logo/Prime+MMA.png
KSW,KSW,http://epg.ovh/logo/KSW.png
FAME MMA HD,FAME MMA HD,http://epg.ovh/logo/FAME+MMA+HD.png
PPV Event Fight 1 HD,PPV Event Fight 1 HD,http://epg.ovh/logo/PPV+Event+Fight+1+HD.png
PPV Event Fight 2 HD,PPV Event Fight 2 HD,http://epg.ovh/logo/PPV+Event+Fight+2+HD.png
Canal+ Now,Canal+ Now,http://epg.ovh/logo/Canal%2b+Now.png
fast-n-funbox-hd,fast-n-funbox-hd,http://epg.ovh/logo/fast-n-funbox-hd.png
eSports One HD,eSports One HD,http://epg.ovh/logo/eSports+One+HD.png
ESports Revolution HD,ESports Revolution HD,http://epg.ovh/logo/ESports+Revolution+HD.png
Fight Network,Fight Network,http://epg.ovh/logo/Fight+Network.png
NBA TV HD,NBA TV HD,http://epg.ovh/logo/NBA+TV+HD.png
E-SPORT,E-SPORT,http://epg.ovh/logo/E-SPORT.png
GINX ESPORTS TV,GINX ESPORTS TV,http://epg.ovh/logo/GINX+ESPORTS+TV.png
Gametoon,Gametoon,http://epg.ovh/logo/Gametoon.png
Polsat Sport Premium 6,Polsat Sport Premium 6,http://epg.ovh/logo/Polsat+Sport+Premium+6.png
Polsat Sport Extra 4,Polsat Sport Extra 4,http://epg.ovh/logo/Polsat+Sport+Extra+4.png
Polsat Sport Premium 5,Polsat Sport Premium 5,http://epg.ovh/logo/Polsat+Sport+Premium+5.png
Polsat Sport Extra 3,Polsat Sport Extra 3,http://epg.ovh/logo/Polsat+Sport+Extra+3.png
Polsat Sport Premium 4,Polsat Sport Premium 4,http://epg.ovh/logo/Polsat+Sport+Premium+4.png
Polsat Sport Extra 2,Polsat Sport Extra 2,http://epg.ovh/logo/Polsat+Sport+Extra+2.png
Polsat Sport Premium 3,Polsat Sport Premium 3,http://epg.ovh/logo/Polsat+Sport+Premium+3.png
Polsat Sport Extra 1,Polsat Sport Extra 1,http://epg.ovh/logo/Polsat+Sport+Extra+1.png
Polsat Sport Premium 2,Polsat Sport Premium 2,http://epg.ovh/logo/Polsat+Sport+Premium+2.png
Polsat Sport Premium 1,Polsat Sport Premium 1,http://epg.ovh/logo/Polsat+Sport+Premium+1.png
Prime Fight HD,Prime Fight HD,http://epg.ovh/logo/Prime+Fight+HD.png
FUN BOX,FUN BOX,http://epg.ovh/logo/FUN+BOX.png
Extreme Sports Channel,Extreme Sports Channel,http://epg.ovh/logo/Extreme+Sports+Channel.png
Golf Channel,Golf Channel,http://epg.ovh/logo/Golf+Channel.png
Sportklub,Sportklub,http://epg.ovh/logo/Sportklub.png
FIGHTKLUB,FIGHTKLUB,http://epg.ovh/logo/FIGHTKLUB.png
FightBox,FightBox,http://epg.ovh/logo/FightBox.png
Polsat Sport Fight,Polsat Sport Fight,http://epg.ovh/logo/Polsat+Sport+Fight.png
Polsat Sport News,Polsat Sport News,http://epg.ovh/logo/Polsat+Sport+News.png
Polsat Sport 3,Polsat Sport 3,http://epg.ovh/logo/Polsat+Sport+3.png
Polsat Sport Extra,Polsat Sport Extra,http://epg.ovh/logo/Polsat+Sport+Extra.png
Polsat Sport 2,Polsat Sport 2,http://epg.ovh/logo/Polsat+Sport+2.png
Polsat Sport,Polsat Sport,http://epg.ovh/logo/Polsat+Sport.png
Polsat Sport 1,Polsat Sport 1,http://epg.ovh/logo/Polsat+Sport+1.png
Eurosport 3,Eurosport 3,http://epg.ovh/logo/Eurosport+3.png
Eurosport 2,Eurosport 2,http://epg.ovh/logo/Eurosport+2.png
Eurosport,Eurosport,http://epg.ovh/logo/Eurosport.png
Eleven Sports 4,Eleven Sports 4,http://epg.ovh/logo/Eleven+Sports+4.png
Eleven Sports 3,Eleven Sports 3,http://epg.ovh/logo/Eleven+Sports+3.png
Eleven Sports 2,Eleven Sports 2,http://epg.ovh/logo/Eleven+Sports+2.png
Eleven Sports 1,Eleven Sports 1,http://epg.ovh/logo/Eleven+Sports+1.png
Eleven Sports 4K,Eleven Sports 4K,http://epg.ovh/logo/Eleven+Sports+4K.png
Eleven Sports Online 1,Eleven Sports Online 1,http://epg.ovh/logo/Eleven+Sports+Online+1.png
Eleven Sports Online 2,Eleven Sports Online 2,http://epg.ovh/logo/Eleven+Sports+Online+2.png
Eleven Sports Online 3,Eleven Sports Online 3,http://epg.ovh/logo/Eleven+Sports+Online+3.png
Eleven Sports Online 4,Eleven Sports Online 4,http://epg.ovh/logo/Eleven+Sports+Online+4.png
Eleven Sports Online 5,Eleven Sports Online 5,http://epg.ovh/logo/Eleven+Sports+Online+5.png
Eleven Sports Online 6,Eleven Sports Online 6,http://epg.ovh/logo/Eleven+Sports+Online+6.png
Eleven Sports Online 7,Eleven Sports Online 7,http://epg.ovh/logo/Eleven+Sports+Online+7.png
Eleven Sports Online 8,Eleven Sports Online 8,http://epg.ovh/logo/Eleven+Sports+Online+8.png
Eleven Sports Online 9,Eleven Sports Online 9,http://epg.ovh/logo/Eleven+Sports+Online+9.png
Eleven Sports Online 10,Eleven Sports Online 10,http://epg.ovh/logo/Eleven+Sports+Online+10.png
Eleven Sports Online 11,Eleven Sports Online 11,http://epg.ovh/logo/Eleven+Sports+Online+11.png
Eleven Sports Online 12,Eleven Sports Online 12,http://epg.ovh/logo/Eleven+Sports+Online+12.png
Eleven Sports Online 13,Eleven Sports Online 13,http://epg.ovh/logo/Eleven+Sports+Online+13.png
Eleven Sports Online 14,Eleven Sports Online 14,http://epg.ovh/logo/Eleven+Sports+Online+14.png
Eleven Sports Online 15,Eleven Sports Online 15,http://epg.ovh/logo/Eleven+Sports+Online+15.png
Eleven Sports Online 16,Eleven Sports Online 16,http://epg.ovh/logo/Eleven+Sports+Online+16.png
Eleven Sports Online 17,Eleven Sports Online 17,http://epg.ovh/logo/Eleven+Sports+Online+17.png
Eleven Sports Online 18,Eleven Sports Online 18,http://epg.ovh/logo/Eleven+Sports+Online+18.png
Eleven Sports Online 19,Eleven Sports Online 19,http://epg.ovh/logo/Eleven+Sports+Online+19.png
Eleven Sports Online 20,Eleven Sports Online 20,http://epg.ovh/logo/Eleven+Sports+Online+20.png
Eleven Sports Online 21,Eleven Sports Online 21,http://epg.ovh/logo/Eleven+Sports+Online+21.png
TVP Sport,TVP Sport,http://epg.ovh/logo/TVP+Sport.png
Canal+ Sport 5,Canal+ Sport 5,http://epg.ovh/logo/Canal%2b+Sport+5.png
Canal+ Sport 4,Canal+ Sport 4,http://epg.ovh/logo/Canal%2b+Sport+4.png
Canal+ Sport 3,Canal+ Sport 3,http://epg.ovh/logo/Canal%2b+Sport+3.png
Canal+ Sport 2,Canal+ Sport 2,http://epg.ovh/logo/Canal%2b+Sport+2.png
Canal+ Sport,Canal+ Sport,http://epg.ovh/logo/Canal%2b+Sport.png
Galeria,Galeria,http://epg.ovh/logo/Galeria.png
Bloomberg,Bloomberg,http://epg.ovh/logo/Bloomberg.png
Sky News,Sky News,http://epg.ovh/logo/Sky+News.png
TV Biznesowa,TV Biznesowa,http://epg.ovh/logo/TV+Biznesowa.png
TRT World HD,TRT World HD,http://epg.ovh/logo/TRT+World+HD.png
News24,News24,http://epg.ovh/logo/News24.png
TV TRWAM,TV TRWAM,http://epg.ovh/logo/TV+TRWAM.png
Al Jazeera,Al Jazeera,http://epg.ovh/logo/Al+Jazeera.png
BBC World News,BBC World News,http://epg.ovh/logo/BBC+World+News.png
DW,DW,http://epg.ovh/logo/DW.png
CNBC,CNBC,http://epg.ovh/logo/CNBC.png
Fox News,Fox News,http://epg.ovh/logo/Fox+News.png
CNN,CNN,http://epg.ovh/logo/CNN.png
English Club TV HD,English Club TV HD,http://epg.ovh/logo/English+Club+TV+HD.png
France 24 FR,France 24 FR,http://epg.ovh/logo/France+24+FR.png
France 24 UK,France 24 UK,http://epg.ovh/logo/France+24+UK.png
TVP Parlament,TVP Parlament,http://epg.ovh/logo/TVP+Parlament.png
TVP World,TVP World,http://epg.ovh/logo/TVP+World.png
iTVN,iTVN,http://epg.ovh/logo/iTVN.png
iTVN extra,iTVN extra,http://epg.ovh/logo/iTVN+extra.png
Biznes 24,Biznes 24,http://epg.ovh/logo/Biznes+24.png
wPolsce.pl,wPolsce.pl,http://epg.ovh/logo/wPolsce.pl.png
wPolsce 24,wPolsce 24,http://epg.ovh/logo/wPolsce+24.png
wPolsce 24 4K,wPolsce 24 4K,http://epg.ovh/logo/wPolsce+24+4K.png
Superstacja,Superstacja,http://epg.ovh/logo/Superstacja.png
Wydarzenia 24,Wydarzenia 24,http://epg.ovh/logo/Wydarzenia+24.png
Republika,Republika,http://epg.ovh/logo/Republika.png
